StationCode,Site or Stream Name,Lat,Long,Regional Board,County,FlowDuration,Comments
102ELCABC,Elk Creek ~0.5mi above Brushy Cr.,41.96780,-123.69821,1,Del Norte,Unknown,
102PS0177,Dunn Creek ~1.4mi above Black Cr.,41.92939,-123.57254,1,Del Norte,Unknown,
102PS0331,Applegate River ~0.4mi above Lick Gulch,41.98886,-123.16429,1,Sisiyou,P,
103CDCHHR,Cedar Creek above Howland Hill Rd.,41.78887,-124.07766,1,Del Norte,P,
103FS0411,Crescent City Fork,41.53174,-123.82845,1,Del Norte,Unknown,
103KLCMSR,Kelly Creek ~0.7mi above MF Smith River,41.85532,-123.85239,1,Del Norte,P,
103PS0281,Bear Creek ~0.6mi above Diamond Cr.,41.95480,-123.91265,1,Del Norte,P,
103STCNSR,Stony Creek ~0.2mi abobe NF Smith River,41.86210,-123.96064,1,Del Norte,P,
103WER026,Hardscrabble Creek above Coldwater Creek,41.84611,-124.02750,1,Del Norte,P,
103WER029,Clarks Creek above Hwy 199,41.80827,-124.11215,1,Del Norte,P,
103WER030,Eighteen Mile Creek above Old Gasquet Rd.,41.85675,-123.91167,1,Del Norte,P,
105BNGABS,Beans Gulch above Bark Shanty,41.47820,-123.55750,1,Siskiyou,P,
105BVCAGC,Burney Valley Creek above Granite Cr.,41.61201,-123.29221,1,Siskiyou,P,
105CE0149,"Blue Creek, EF ~3.4mi below Wildcat Creek",41.48333,-123.74194,1,Del Norte,Unknown,
105CE0329,Johns Meadow Creek ~1mi above S. Russian Creek,41.30750,-123.03361,1,Siskiyou,P,
105CLCATC,Clear Creek above Tenmile Cr.,41.73490,-123.54822,1,Siskiyou,P,
105DLCDCC,Dillon Creek at Dillon Cr. Cmp.,41.57269,-123.54353,1,Siskiyou,P,
105FC1120,Antelope Creek ~1.8mi above Tennant Rd.,41.55364,-121.92469,1,Siskiyou,Unknown,
105FC1297,Butler Creek ~1mi above Salmon R.,41.32860,-123.41992,1,Siskiyou,Unknown,
105FCA116,South Russian Creek 1.0 mi above conf. Salmon River,41.31833,-123.04833,1,Siskiyou,P,
105FLH087,Fletcher Creek (USFS),41.81240,-120.79008,1,Modoc,P,
105FS0416,Elk Creek at Hummingbird Cr.,41.61411,-123.28187,1,Siskiyou,P,
105FS0425,"Salmon River, NF ~2.7mi above Sawyers Bar Rd.",41.35799,-123.07511,1,Siskiyou,P,
105FS0428,Bridge Creek above Wooley Cr.,41.44105,-123.35820,1,Siskiyou,P,
105NWC151,"Willow Creek, NF below Fourmile Cr.",41.91713,-120.88105,1,Modoc,Unknown,
105PS0043,Grider Creek,41.72919,-123.23588,1,Siskiyou,Unknown,
105PS0083,Cherry Creek above Little North Fork Salmon R.,41.36472,-123.18805,1,Siskiyou,Unknown,
105PS0090,"Salmon River, SF above Grizzly Creek",41.07997,-123.02911,1,Siskiyou,P,
105PS0097,Elk Creek above Copper Creek,41.73897,-123.35637,1,Siskiyou,P,
105PS0154,"Salmon River, SF below Boardtree Gulch",41.09811,-123.07330,1,Siskiyou,P,
105PS0193,Indian Creek ~1mi above Doolittle Cr.,41.82940,-123.38490,1,Siskiyou,Unknown,
105PS0195,"Salmon River, EF, SF ~1mi below Shadow Cr.",41.18890,-123.07490,1,Siskiyou,P,
105PS0259,St. Claire Creek above SF Salmon River,41.14068,-123.17273,1,Siskiyou,P,
105PS0267,Seiad Creek ~0.3mi above Panther Gulch,41.88061,-123.12994,1,Siskiyou,P,
105PS0275,Shackleford Creek ~0.2mi below Long High Cr.,41.55215,-123.07014,1,Siskiyou,Unknown,
105PS0299,O'Neil Creek ~2mi above Klamath River,41.78667,-123.12803,1,Siskiyou,Unknown,
105PS0540,Butte Creek ~1.5mi below Spring Creek,41.62029,-122.06964,1,Siskiyou,P,
105PS0660,"Willow Creek, NF ~0.5mi above Rock Cr.",41.91571,-120.88863,1,Modoc,Unknown,
105PS1492,Boles Creek ~2.5mi below Hwy 136,41.86231,-120.99500,1,Modoc,Unknown,
105SED077,Butte Creek 77,41.62417,-122.06463,1,Siskiyou,Unknown,
105TMCACC,Tenmile Creek above Clear Cr.,41.73691,-123.54855,1,Siskiyou,P,
105WE0583,Unnamed Creek ~2mi above Tompkins Creek,41.70845,-123.13085,1,Siskiyou,Unknown,
105WE0592,Eddy Creek ~0.8 miles downstream from end of 4WD road.,41.36260,-122.51880,1,Siskiyou,P,
105WE0598,McNeal Creek ~1mile SW of  South Fork Salmon River,41.24444,-123.32795,1,Siskiyou,P,
105WE0811,Copper Creek Above Rough Creek,41.57212,-123.64054,1,Siskiyou,P,
105WE0833,Shovel Creek ~ 3 miles above Rock Creek,41.86170,-122.20766,1,Siskiyou,Unknown,
105WE1091,"Salmon River, SF ~1 mile below Gulick Creek.",41.05071,-122.93366,1,Siskiyou,P,
105WER052,"Salmon River, NF at Robinson Gulch",41.31614,-123.05905,1,Siskiyou,P,
105WLC135,Willow Creek ~3mi below Boles Cr.,41.89911,-121.04438,1,Modoc,Unknown,
105WLCABC,Wooley Creek ~0.5mi above Bridge Cr.,41.44211,-123.34896,1,Siskiyou,P,
106C10094,Little French Creek ~0.3mi above Trinity River,40.77204,-123.30279,1,Trinity,Unknown,
106CE0521,Tish Tang a Tang Creek SF ~1.4mi above Main Stem,41.04583,-123.53888,1,Humboldt,Unknown,
106FS0040,Powell Creek above Trinity River,40.16904,-123.02523,1,Trinity,P,
106MNCAHC,Miner's Creek,40.63800,-123.32100,1,Trinity,P,
106PS0115,"Saloon Creek above Coffee Creek, NF",41.17285,-122.86988,1,Trinity,P,
106PS0124,"Trinity River, SF ~6.5mi above Rasbery Gulch",40.17040,-123.02884,1,Trinity,P,
106PS0166,Tish Tang a Tang Creek ~2.8mi above Trinity River,41.04441,-123.61115,1,Humboldt,P,
106PS0307,Tangle Blue Creek ~0.1mi above Mountain Cr.,41.23603,-122.66540,1,Trinity,P,
106WE0505,Stuart Fork ~2.4mi E Hwy 36,40.86244,-122.90169,1,Trinity,P,
106WE1055,Bear Creek ~1.4miles above Canyon Creek,40.90353,-123.01368,1,Trinity,P,
106WE1066,Mill Creek ~0.1 miles above North Fork Mill Creek.,41.15445,-123.56903,1,Humboldt,P,
106WE1079,Coffee Creek EF ~1.4mi above Mainstem,41.13251,-122.80644,1,Trinity,P,
106WER011,Backbone Creek above Trinity River NF,40.93667,-123.15389,1,Trinity,P,
106WER016,Potato Creek ~1.3mi above EF Hayfork Cr.,40.48972,-123.02833,1,Trinity,P,
106WER037,Horse Linto Creek ~0.2mi above Cedar Creek,41.00861,-123.60081,1,Humboldt,P,
106YJCENT,Yellow Jacket Creek ~0.2mi above EF NF Trinity R.,40.87790,-123.12490,1,Trinity,P,
107GWCAPC,Godwood Creek ~0.2mi above Prarie Cr.,41.36788,-124.02434,1,Humboldt,P,
107LLM101,Little Lost Man Creek ~0.3mi above Hwy 101,41.32697,-124.02387,1,Humboldt,P,
107PS0021,Lost Man Creek,41.32445,-124.00712,1,Humboldt,P,
107WER092,Fern Canyon Creek ~0.3mi above ocean bluffs,41.40000,-124.05806,1,Humboldt,P,
109BCAMCR,Boulder Creek ~1mi above Maple Cr. Rd.,40.76411,-123.86304,1,Humboldt,Unknown,
111BBRBCC,Black Butte River below Cold Creek,39.69838,-122.92250,1,Mendocino,P,
111BGCAER,Balm of Gilead Creek ~2mi above Eel R.,40.02110,-123.06052,1,Trinity,P,
111BRCRFC,Bear Creek ~1.5mi above Rice Fork Creek,39.32050,-122.84841,1,Lake,P,
111BVCMFE,Beaver Creek,39.93603,-122.98827,1,Mendocino,P,
111CBCAER,Corbin Creek ~0.1mi abive Eel River,39.52904,-122.84832,1,Lake,P,
111CBCANF,Corbin Creek ~0.1mi above NF,39.54980,-122.73120,1,Glenn,P,
111CE0551,Bear Creek below FS road 17NO2,39.35314,-122.77651,1,Lake,P,
111CE0569,Squaw Creek ~0.3mi above Bull Creek,40.34610,-123.99327,1,Humboldt,P,
111ELRATC,Eel River above Trout Creek,39.54028,-122.85944,1,Lake,P,
111ERATRC,Eel River ~1.4mi above Trout Cr.,39.55250,-122.86130,1,Lake,P,
111FS0001,Bear Creek ~1.2mi above Blue Slides Cr.,39.32700,-122.83101,1,Lake,P,
111FS0007,Cold Creek above Eel River,39.47130,-122.83364,1,Lake,P,
111FS0008,Blue Slides Creek above Bear Cr.,39.31933,-122.84536,1,Lake,P,R5BIO-008 alias
111FS0158,Thistle Glade Creek,39.39569,-122.86374,1,Lake,P,111TGCAER alias
111GCABPC,Garcia Creek above Bear Pen Cr.,39.50482,-123.16347,1,Mendocino,Unknown,
111HSCAER,Horse Creek above Eel River,39.52461,-122.85218,1,Lake,Unknown,
111PAL105,Cow Creek above Bull Cr.,40.34982,-123.96426,1,Humboldt,Unknown,
111PS0060,North Fork Middle Fork Eel River,40.12890,-123.11226,1,Trinity,P,
111PS0110,Rice Creek ~0.5mi above Rice Fork,39.35153,-122.87673,1,Lake,P,
111PS0144,"Eel River, MF ~0.6mi above Howard Cr.",39.90023,-123.01722,1,Mendocino,P,
111PS0160,Panther Creek ~2.6mi above Welch Cr.,39.44605,-123.02893,1,Lake,P,
111PS0204,Rock Creek ~1.9mi above French Cr.,39.27704,-122.86602,1,Lake,P,
111PS0269,Bull Creek ~0.3mi above Squaw Cr.,40.35057,-123.99306,1,Humboldt,Unknown,
111RSCAER,Rattlesnake Creek ~1.3mi above Eel River,39.98777,-123.05131,1,Trinity,Unknown,
111TKCAER,Tomki Creek above Eel River,39.42398,-123.14334,1,Mendocino,Unknown,
111TTCAER,Trout Creek ~0.2mi above Eel River,39.37753,-123.06525,1,Mendocino,Unknown,
111WE0816,Eel River ~1.75 miles above Wesley Ives Creek,39.58789,-122.91650,1,Mendocino,Unknown,
111WE0837,MF Eel River ~1.2mi below Hellhole Canyon,39.86930,-123.05088,1,Mendocino,P,
111WE0844,Squaw Creek ~0.6 miles upstream from Grasshopper Rd.,40.31673,-123.99758,1,Humboldt,Unknown,
111WE1050,Cold Creek ~0.9mi.NE above Snow Basin Creek,39.71181,-122.84090,1,Glenn,P,
111WE1071,Cold Creek ~1.3mi above Plasket Creek,39.70044,-122.81126,1,Glenn,P,
111WER003,Trout Creek ~0.1mi above Eel River,39.53861,-122.86028,1,Lake,P,
111WER008,Rattlesnake Creek ~0.5mi above Eel River,39.49361,-122.86417,1,Lake,P,
111WER022,Rattle Snake Creek ~1mi above Eel River,39.98500,-123.05040,1,Trinity,Unknown,
111WER046,Fox Creek above Eel River SF,39.74028,-123.62972,1,Mendocino,P,
111WER047,Elder Creek ~0.9mi above Eel River SF,39.72944,-123.63139,1,Mendocino,P,
111WER077,Canoe Creek 0.2mi above Eel River,40.29556,-123.90361,1,Humboldt,P,
111WER159,Copper Butte Creek ~0.5mi above Eel River,39.42944,-122.84444,1,Lake,P,
112NC0349,Unnamed Trib to Oils Creek ~1.2mi above Oils Cr.,40.31713,-124.11874,1,Humboldt,Unknown,
112WE1063,Sholes Creek ~1.7 miles above Mattole River.,40.16947,-124.04001,1,Humboldt,Unknown,
113RG8046,Russian Gulch,38.47575,-123.15189,1,Sonoma,Unknown,
114CE0131,Galloway Creek ~0.5mi below White Creek,38.78972,-123.19638,1,Sonoma,P,
114CE0291,Little Sulphur Creek above Big Sulphur Creek,38.81000,-122.92444,1,Sonoma,Unknown,
114DLCURx,Doolin Creek Upper Reach,39.12889,-123.23028,1,Mendocino,Unknown,
114JSCARR,Jack Smith Creek ~2mi above Radical Ridge Rd.,39.27477,-123.31294,1,Mendocino,Unknown,
114PS0145,Cummiskey Creek ~1.5mi above Russian River,38.89360,-123.07073,1,Mendocino,Unknown,
114PS0209,Dry Creek ~1.2mi below Galloway Cr.,38.78599,-123.15521,1,Sonoma,Unknown,
114WE0614,"Austin Creek, East ~0.4mi above Old Cazadero Rd.",38.53917,-123.07056,1,Sonoma,P,
114WE0810,Hoil Creek ~2mi above Tyler Creek,38.87519,-122.88173,1,Mendocino,Unknown,
115EBAG01,Ebabias Creek,38.34620,-122.91565,1,Sonoma,Unknown,
201AHO350,"Arroyo Hondo Creek in Point Reyes National Seashore, 200m DS of confluence of two tribs",37.94495,-122.74306,2,Marin,P,
201CHE300,"Cheta Creek in GGNRA managed by PRNSS, 1.3 km above confluence with Lagunitas Creek",38.03977,-122.74191,2,Marin,RFI,
201EAS050,Fitzhenry,37.90023,-122.63733,2,Marin,RFI,
201HAL400,Halleck Creek ~0.2mi below Redwood Cyn.,38.07881,-122.65415,2,Marin,RFI,
201LAG330,Big Carson Creek,37.99194,-122.66972,2,Marin,P,
201LAG335,Big Carson Creek Tributary,37.99222,-122.66000,2,Marin,P,
201MRS020,Morses Gulch,37.92010,-122.66887,2,Marin,P,
201PNG050,Teixeira,37.95451,-122.71800,2,Marin,P,
201RDW790,Kent Creek above Muir Woods Rd.,37.88250,-122.57710,2,Marin,RFI,
201WLK170,Verde Canyon,38.16445,-122.81136,2,Marin,RFI,
201WLK190,Salmon Creek,38.16458,-122.77194,2,Marin,P,
202BUT030,Girl Scout Camp,37.22474,-122.33254,2,San Mateo,P,
202BUT040,Butano Falls,37.24195,-122.31719,2,San Mateo,P,
202BUT050,Butano State Park,37.20607,-122.33483,2,San Mateo,P,
202BUT480,"Little Butano Creek, 250m US of pumping station and bridge, RMC 202R00166",37.21363,-122.31411,2,San Mateo,P,
202BUT600,"Little Butano Creek, 175m DS of confluence with trib, RMC 202R00038",37.21590,-122.30727,2,San Mateo,P,
202PES170,Tarwater Creek,37.26443,-122.23911,2,San Mateo,P,
202R00024,Woodhams Creek,37.32506,-122.24840,2,San Mateo,P,
202R00214,Tarwater Creek,37.26166,-122.24082,2,San Mateo,RFI,
202R01356,Middle Fork San Pedro Creek ~230 m upstream Weiler Ranch Rd Trail,37.57579,-122.45827,2,San Mateo,P,
202R01612,Middle Fork San Pedro Creek ~300 m upstream confluence with S. Fork,37.57728,-122.47036,2,San Mateo,P,
202SPE090,San Pedro Creek MF upstream footbridge,37.57500,-122.46300,2,San Mateo,P,
203R00983,Strawberry Creek near UC Botanical Garden-203R00983,37.87644,-122.23415,2,Alameda,RFI,
204AHOACR,Arroyo Hondo Creek above Calaveras Reservoir,37.46138,-121.76833,2,Santa Clara,P,
204AMCADD,Alameda Creek above Div. Dam nr. Sunol,37.49740,-121.77360,2,Alameda,RFI,
204ARH090,Arroyo Hondo - 4.5mi upstream of Calaveras Reservoir; 204R00365,37.45116,-121.75463,2,Santa Clara,P,
204CE0116,Arroyo Hondo Arroyo Hondo,37.40916,-121.70861,2,Santa Clara,P,
204IND200,Indian approx. 1.8 miles upstream of San Antonio Reservoir,37.56223,-121.79820,2,Alameda,RFI,
204INDSAR,Indian Creek ~1.7mi above San Antonio Reservoir,37.56394,-121.79931,2,Alameda,RFI,
204LACSAC,La Costa Creek ~1mi above San Antonio Creek,37.56583,-121.78083,2,Alameda,RFI,
204R00189,Smith Creek,37.32090,-121.66350,2,Santa Clara,P,
204R00253,Isabel Creek at Kincaid Rd,37.37965,-121.68556,2,Santa Clara,P,
204R01007,Redwood Creek,37.81270,-122.15800,2,Alameda,P,
204R02695,Middle Fork Dry Creek 300 m upstream of S. Fork Trail,37.61048,-122.00070,2,Alameda,RFI,
204SIN300,Sinbad Creek in Pleasanton Ridge EBRP,37.64035,-121.92492,2,Alameda,RFI,
204SLE180,East Fork Redwood Creek,37.80111,-122.14472,2,Alameda,RFI,
204SMA180,Buckeye @ Old Cañada Rd,37.48780,-122.34309,2,San Mateo,RFI,
204SMC600,Smith Creek- 135m downstream intersection of Mt Hamilton Rd; 204R00893,37.32471,-121.67017,2,Santa Clara,P,
204VAL400,Valpe Creek - 1.25mi upstream of confluence with Alameda Creek; 204R00221,37.47092,-121.66639,2,Santa Clara,RFI,
205AAG075,"Arroyo Aguague, Sierra Vista Open Space, 2km upstm of Upper Penitencia Crk confluence; RMC 205R00275",37.39043,-121.78352,2,Santa Clara,P,
205AAG375,Arroyo Aguague - 4.8mi upstream of confluence with Upper Penintencia Creek; 205R00322,37.36018,-121.73719,2,Santa Clara,RFI,
205AAG400,"Tributary to Arroyo Aguague in UCB Blue Oaks Ranch, 170m below confluence, RMC 20500066",37.37189,-121.73289,2,Santa Clara,RFI,
205ADO060,Adobe Creek at Hidden Villa Farm,37.34758,-122.16257,2,Santa Clara,RFI,
205CHAxxx,Cherry Creek above Calero Res,37.17092,-121.79658,2,Santa Clara,RFI,
205COY585,"Coyote Creek, 1.2km downstream of Gilroy Hot Springs Rd Henry Coe State Park entrance, RMC 205R00289",37.09003,-121.46985,2,Santa Clara,RFI,
205COY600,Coyote Creek below Gilroy Hot Springs,37.10555,-121.47462,2,Santa Clara,RFI,
205COY610,Coyote approx 1.5 miles upstream of Gilroy Hot Springs Rd. bridge,37.11770,-121.48111,2,Santa Clara,RFI,
205COY615,"Coyote Creek, mainstem - On Gilroy Hot Springs Rd, 3.5mi upstream of Hunting Hollow Rd; 205R00097",37.12125,-121.48027,2,Santa Clara,RFI,
205COY835,Soda Springs Canyon- 890m upstream confluence with Coyote Creek; 205R000593,37.16919,-121.50815,2,Santa Clara,RFI,
205COY850,Middle Fork Coyote Creek in Henry Coe SP,37.18217,-121.50660,2,Santa Clara,RFI,
205COY852,Middle Fork Coyote Creek- 230m upstream intersection of Poverty Flat Rd; 205R00657,37.17992,-121.50095,2,Santa Clara,RFI,
205COY853,Middle Fork Coyote Creek - 570m upstream of confluence with East Fork; 205R00401,37.17774,-121.49712,2,Santa Clara,RFI,
205COY900,East Fork Coyote Creek in Henry Coe SP,37.17551,-121.47741,2,Santa Clara,RFI,
205COY930,"Coyote Creek, East Fork, Henry Coe State Prk, 670m downstrm of Blue Ridge Rd crossing; RMC 205R00337",37.18975,-121.46888,2,Santa Clara,RFI,
205CYCAHH,Coyote Creek Hunting Hollows,37.10145,-121.47252,2,Santa Clara,RFI,
205CYCBBC,Coyote Creek ~1.4mi below Big Cyn.,37.12600,-121.48100,2,Santa Clara,RFI,
205LGA700,"Los Gatos Creek main stem 1.15km US of Lake Elsman, 200m US of Williams Reservoir, City of San Jose",37.11971,-121.90318,2,Santa Clara,P,
205R00021,Middle Fork Coyote Creek,37.25493,-121.57799,2,Santa Clara,RFI,
205R00097,Coyote Creek,37.12135,-121.48009,2,Santa Clara,RFI,
205R00213,Cow Creek in San Felipe Ranch,37.26556,-121.64668,2,Santa Clara,RFI,
205R00275,Arroyo Aguague,37.39043,-121.78352,2,Santa Clara,RFI,
205R00289,Coyote Creek,37.09003,-121.46985,2,Santa Clara,RFI,
205R00296,Unnamed trib of bear creek,37.45211,-122.29852,2,San Mateo,RFI,
205R00305,San Felipe Creek in San Felipe Ranch,37.25656,-121.66261,2,Santa Clara,RFI,
205R00322,Arroyo Aguague,37.36011,-121.73702,2,Santa Clara,RFI,
205R00330,Unnamed 2nd order trib of Guadelupe Creek,37.19830,-121.90040,2,Santa Clara,RFI,
205R00337,EF Coyote Creek,37.18975,-121.46888,2,Santa Clara,RFI,
205R00401,MF Coyote Creek,37.17768,-121.49698,2,Santa Clara,RFI,
205R00593,MF Coyote Creek,37.17814,-121.49725,2,Santa Clara,RFI,
205R00609,Hunting Hollow at Henry Coe SP,37.07372,-121.46027,2,Santa Clara,RFI,
205R00657,Little Fork Coyote Creek,37.18014,-121.50114,2,Santa Clara,RFI,
205R00769,Middle Fork Coyote Creek,37.21950,-121.54158,2,Santa Clara,RFI,
205R01070,Milpitas Creek (zone 6 Line D) approximately 550m East of Avalon Heights Terrace,37.49480,-121.89864,2,Alameda,RFI,
205R01299,Arroyo Aguague below the Falls,37.39781,-121.78597,2,Santa Clara,RFI,
205R03091,Arroyo Aguague below waterfall,37.39925,-121.78563,2,Santa Clara,RFI,
205R04217,Upper Penitencia u/s Cherry Flat Reservoir,37.40036,-121.74911,2,Santa Clara,RFI,
205SFC880,"San Felipe Creek in Joseph D Grant County Park, 350m US of trib and park boundary and trib",37.30676,-121.68893,2,Santa Clara,RFI,
205WUN450,"West Union Creek in Phelger Reserve, 70 m below unnamed trib 17692905",37.44892,-122.29426,2,San Mateo,RFI,
205WUN550,"West Union Creek, Huddart County Park, 1.2km upstrm of confluence with McGarvey Gulch; RMC 205R00296",37.45211,-122.29852,2,San Mateo,RFI,
206BEA035,Bear Creek,38.45060,-122.43822,2,Napa,P,
206BRC020,"Bear Creek,  500m US of parking lot, 40m above confluence with trib; RMC 206R00055",37.92779,-122.15034,2,Contra Costa,RFI,
206CON130,Tributary to Sage Creek 170 m upstream of confluence,38.48540,-122.29562,2,Napa,P,
206DRY040,Dry Creek ~3.2mi above Hwy 29,38.36446,-122.37210,2,Napa,P,
206DRY060,Trib to Dry Creek,38.38855,-122.40938,2,Napa,P,
206DRY100,Dry Creek at Solano Avenue,38.41224,-122.43425,2,Napa,RFI,
206DRY810,Unnamed trib of Dry Creek behind firestation near intersection of Oakville Grade and Dry Creek Rd,38.40797,-122.43383,2,Napa,RFI,
206HCT020,"Heath Canyon Creek, 20m upstream of culverted road crossing, 2.2 km US of conf. w Sulphur Springs",38.47124,-122.48879,2,Napa,P,
206KRE700,Kreuse Creek ~1.2km US of second pond,38.27842,-122.22637,2,Napa,RFI,
206MIL090,Miller Creek at Grady Fire Road Bridge,38.03944,-122.60194,2,Marin,RFI,
206MUR650,Murphy Creek 180m DS of Rocky Ridge road crossing,38.30841,-122.20558,2,Napa,RFI,
206NOV080,Jan Jose Arroyo/Bear Gulch,38.06236,-122.58111,2,Marin,RFI,
206PIC005,Pickle Creek above at confluence with Redwood Creek,38.33478,-122.37168,2,Napa,RFI,
206PIC205,"Unnamed trib of Pickle Creek, 1.4km US of confluence with Redwood Creek",38.34359,-122.37823,2,Napa,RFI,
206RCCBDC,Redwood Canyon Creek below Devils Cyn.,38.35466,-122.42661,2,Napa,P,
206RIT020,Ritchey Creek ~0.6mi above Hwy 29,38.54794,-122.52880,2,Napa,P,
206SPA150,Briones 1,37.92611,-122.15889,2,Contra Costa,RFI,
206SPA160,Briones 2,37.92722,-122.15250,2,Contra Costa,RFI,
206TUL120,Spencer Creek ~0.8mi above Green Valley Rd.,38.28376,-122.21725,2,Napa,RFI,
207GVC800,"Green Valley Creek,1.3km upstrm of NHD 24k/100k ReachCode 18050001000809 confluence; RMC 207R00156",38.28568,-122.17095,2,Solano,RFI,
207MTD120,Mitchell on Fire Rd,37.92050,-121.94200,2,Contra Costa,RFI,
207MTD140,Donnor Creek,37.92084,-121.92669,2,Contra Costa,RFI,
207SUI260,Upper Suisun,38.37528,-122.14222,2,Napa,RFI,
207SUI290,"Suisun Creek US of Lake Curry, 30 m above dirt road and 325 m US of confluence with other trib",38.37183,-122.13973,2,Napa,RFI,
304SED073,Waddell Creek - Above Alder Camp 73,37.11501,-122.26982,3,Santa Cruz,Unknown,
304WDCAH1,Waddell Creek ~1.8mi above Hwy 1,37.11371,-122.26978,3,Santa Cruz,P,
305LGCACR,Laguna Creek,36.34867,-120.82087,3,San Benito,P,
305LGCBRC,Llagas Creek above Baldy Ryan Cyn. Cr.,37.14815,-121.77368,3,Santa Clara,P,
305SSCAUC,Swanson Creek above Uvas Cr.,37.08499,-121.79433,3,Santa Clara,Unknown,
305UVCASC,Uvas Creek above Swanson Cyn. Cr.,37.08660,-121.79451,3,Santa Clara,P,
307CMRADC,Carmel River above Danish Cr.,36.37222,-121.66308,3,Monterey,P,
307SCCARR,San Clemente Creek ~0.5mi above Robinson Cyn. Rd.,36.43081,-121.79847,3,Monterey,Unknown,
308BSU,Big Sur River at Peiffer Big Sur State Park USGS gauge,36.24579,-121.77222,3,Monterey,P,
308LILPAL,Little Sur River ~1.7mi above Skinner Cr.,36.33990,-121.80870,3,Monterey,P,
308LSRASC,Little Sur River ~0.4mi above Skinner Cr.,36.32560,-121.78942,3,Monterey,P,
308MWCAH1,McWay Creek ~0.4mi above Hwy 1,36.16255,-121.66643,3,Monterey,Unknown,
308PS0156,Skinner Creek ~0.2mi above Little Sur River,36.32764,-121.78975,3,Monterey,Unknown,
308PS0308,Unnamed Trib. to Mill Creek ~0.8mi above Mainstem,35.99986,-121.45482,3,Monterey,Unknown,
308PWCAH1,Prewitt Creek above Hwy 1,35.93554,-121.46781,3,Monterey,P,R5BIO-324 alias
308ROCBBQ,Rocky Creek ~1.7mi above Hwy 1,36.37810,-121.88620,3,Monterey,Unknown,
308SAM,Salmon Creek upstream Hwy 1,35.81577,-121.35838,3,Monterey,P,
308SANWIL,San Jose Creek ~0.4mi below Van Winkleys Cyn.,36.49050,-121.86730,3,Monterey,Unknown,
308SBCAH1,Soberanes Creek above Hwy 1,36.45510,-121.92261,3,Monterey,Unknown,
308WER325,Little Sur River above Skinner Creek,36.32830,-121.79523,3,Monterey,P,
308WLO,Willow Creek at Highway 1,35.89369,-121.45966,3,Monterey,Unknown,
309ARSARC,Arroyo Seco ~0.3mi above Rosevelt Cr.,36.11966,-121.46866,3,Monterey,P,
309CAW126,Tassajara Creek ~0.3mi above Tassajara Hot Springs,36.23077,-121.54989,3,Monterey,P,
309CAW130,Nacimiento River 0.7mi above Slickrock Creek,35.98617,-121.35592,3,Monterey,Unknown,Probably nonperennial based on field photos
309CAW174,San Antonio River NF above Carrizo Creek,36.09279,-121.43435,3,Monterey,P,
309CAW178,Rattle Snake Creek ~0.4mi above Pinal Creek,36.08364,-121.39445,3,Monterey,Unknown,Probably nonperennial based on field photos
309NAF,Nacimiento River above Ponderosa campground,36.01402,-121.41204,3,Monterey,Unknown,
309PS0116,San Antonio River ~0.5mi above Bear Cyn. Cr.,36.06390,-121.32622,3,Monterey,P,
309SARANF,San Antonio River,36.06453,-121.38572,3,Monterey,P,
309SED062,Nacimiento Creek - Below campground 62,36.00350,-121.39137,3,Monterey,Unknown,
309SLCAAS,Santa Lucia Creek ~1mi above Arroyo Seco,36.21961,-121.48223,3,Monterey,RFI,
309WLCATC,Willow Creek ~0.3mi above Trassajara Cr.,36.21306,-121.53505,3,Monterey,P,R5BIO-326 alias
310COO,Coon Creek at Pecho Valley Road,35.25475,-120.88549,3,San Luis Obispo,Unknown,
310LPCBPC,Lopez Canyon Creek ~0.5mi below Potrero Cr.,35.28023,-120.54114,3,San Luis Obispo,Unknown,
312CAW052,Alamo Creek ~0.8mi below Branch Creek,35.13634,-120.18723,3,San Luis Obispo,Unknown,
312DAVDAV,Davy Brown Creek below Munch Cyn.,34.76120,-119.95420,3,Santa Barbara,Unknown,
312MZCDBC,Manzana Creek ~0.5mi above Davy Brown Creek,34.77044,-119.93702,3,Santa Barbara,Unknown,Probably nonperennial based on field photos
312NPPCBR,Pine Canyon ~2.2mi above Horseshoe Cyn. Cr.,35.02401,-120.11340,3,Santa Barbara,RFI,
312PS0099,Manzana Creek ~1.1mi below Davy Brown Cr.,34.77948,-119.95802,3,Santa Barbara,Unknown,
312RSCASC,Rattlesnake Creek above Sisquoc?,34.74644,-119.70575,3,Santa Barbara,Unknown,R5BIO-327 alias
312RYCALR,Reyes Creek ~2.7mi above Lockwood Valley Rd.,34.67437,-119.29751,3,Ventura,P,R5BIO-321 alias
312SQRABP,Sisquoc River ~2.3 mi above Big Pine Cyn.,34.71640,-119.64620,3,Santa Barbara,Unknown,
312WE1028,Sisquoc River ~0.8mi below Rattlesnake Canyon,34.74721,-119.71562,3,Santa Barbara,Unknown,
312WE1035,Sisquoc River ~0.2mi below Big Pine Canyon,34.73287,-119.67637,3,Santa Barbara,Unknown,
314SCCNSY,Santa Cruz Creek nr. Santa Ynez,34.59670,-119.90880,3,Santa Barbara,Unknown,
314WE0677,Alamo Pintado Creek ~0.8mi above Figueroa Mtn. Rd.,34.74770,-120.05303,3,Santa Barbara,Unknown,
314WE0779,Coche Creek ~1mi above WF Santa Cruz Creek,34.66959,-119.75404,3,Santa Barbara,Unknown,
314WE0796,Santa Cruz Creek WF ~3mi above Coche Creek,34.68351,-119.79875,3,Santa Barbara,Unknown,
316ROSA02,Water Canyon Creek 0.4 mi SW of intersection of S. Wreck Rd and Quemada Cyn. Rd.,33.96848,-120.04850,3,Santa Barbara,RFI,
316ROSA06,Verde Canyon Creek ~0.5 mi NW of Main Road at historic Army Camp,33.97243,-120.08572,3,Santa Barbara,RFI,
316ROSA08,Soledad Canyon Creek south of Twin Peaks Road,33.99964,-120.14468,3,Santa Barbara,RFI,
316ROSA15,Jolla Vieja Canyon Creek below Soledad Oaks,33.94038,-120.10561,3,Santa Barbara,RFI,
316WA03,Water Canyon Creek ~2.1mi above mouth,33.97578,-120.04429,3,Santa Barbara,RFI,
402BA0095,North Fork Santa Ana Creek Random Site 95,34.46328,-119.34566,4,Ventura,Unknown,
402BA0287,Matilija Creek Random Site 287,34.50284,-119.36644,4,Ventura,Unknown,
402M00043,Matilija Creek below hot springs,34.50161,-119.34749,4,Ventura,Unknown,
402MJCMHS,Matilija Creek nr. Res. nr. Matilija Hot Springs,34.50280,-119.35730,4,Ventura,Unknown,
402MTCUNF,"Matilija Creek, Upper NF ~0.7mi above conflence",34.51750,-119.37920,4,Ventura,P,
402PS0048,Matilija Creek,34.53077,-119.40085,4,Ventura,P,
402S09503,Matilija creek ~1.6mi above Rattlesnake Cyn. Cr.,34.49757,-119.33913,4,Ventura,Unknown,
402S13599,Matilija Creek,34.49898,-119.34187,4,Ventura,Unknown,
402WE0536,Matilija Creek 1.7 miles upstream from Upper North Fork Matilija Creek.,34.51960,-119.40537,4,Ventura,Unknown,
402WE0803,Coyote Creek Below Confluence of West Fork,34.42131,-119.38060,4,Ventura,Unknown,
403BA0015,Santa Clara Watershed Unknown River Random Site 15,34.53120,-119.18421,4,Ventura,Unknown,
403BA0064,Elizabeth Lake Canyon Random Site 64,34.64435,-118.51371,4,Los Angeles,Unknown,
403BA0171,Santa Clara Watershed Unknown River Random Site 191,34.58516,-119.28363,4,Ventura,Unknown,
403BA0960,Clearwater Canyon Random Site 960,34.59078,-118.46170,4,Los Angeles,Unknown,
403LNCASC,Lion Creek ~1.9mi above Sespe Cr.,34.53892,-119.16139,4,Ventura,P,
403S00064,Elizabeth Lake Canyon,34.64435,-118.51372,4,Los Angeles,Unknown,
403S00271,Lion Creek near Middle Lion Fork Campground,34.54850,-119.16547,4,Ventura,Unknown,
403S00875,Tule Creek 875,34.55668,-119.30629,4,Ventura,Unknown,
403S00960,Clearwater Canyon Creek,34.59079,-118.46170,4,Los Angeles,Unknown,
403S01883,Lockwood Creek,34.71629,-119.01890,4,Ventura,Unknown,
403S02139,Alamo Creek above Mutau Cr.,34.67160,-119.01720,4,Ventura,Unknown,
403S03643,Sespe Creek 3643,34.56213,-119.12891,4,Ventura,Unknown,
403STC010,Random Site 10 - Lion Canyon,34.53306,-119.15833,4,Ventura,Unknown,
403STC021,Random Site 21 - Piru Creek - Forest Service Rd 7N13,34.64667,-119.06944,4,Ventura,Unknown,
403STC024,Random Site 24 - Tributary to Santa Paula Creek near Big Cone Campsite,34.45056,-119.05583,4,Ventura,Unknown,
403STC026,Random Site 26 - Tule Creek,34.55889,-119.26861,4,Ventura,Unknown,
403STC029,Random Site 29 - Elizabeth Canyon,34.61528,-118.55833,4,Los Angeles,Unknown,
403STC030,Random Site 30 - Piedra Blanca Creek,34.57000,-119.15556,4,Ventura,P,
403STC064,Random Site 64 - Bear Canyon,34.55806,-119.10361,4,Ventura,P,
403STC065,Random Site 65 - Elizabeth Canyon,34.63056,-118.53611,4,Los Angeles,Unknown,
403STC066,Random Site 66 - Piedra Blanca Creek,34.58500,-119.16472,4,Ventura,Unknown,
403STC085,Random Site 85 - Piru Creek,34.64250,-119.07750,4,Ventura,Unknown,
403STC086,Random Site 86 - Rock Creek,34.55667,-119.20611,4,Ventura,P,
403WE0501,Agua Blanca Creek ~1mi Above Piru Creek,34.54172,-118.77286,4,Ventura,Unknown,
403WE0540,Piru Creek ~1.9 miles upstream from Cedar Creek.,34.65136,-119.11845,4,Ventura,Unknown,
403WE0683,Santa Paula Creek ~1.5mi N Hwy 150,34.43952,-119.07616,4,Ventura,Unknown,
403WE0795,Piru Creek ~1.7mi Below Cedar Creek,34.64080,-119.08094,4,Ventura,Unknown,
403WE0891,Piru Creek Above Mutau Flat Road,34.65926,-119.14255,4,Ventura,Unknown,
403WE1021,Elizabeth Canyon Creek Lake Hughes Rd. ~10mi E I5,34.63193,-118.52977,4,Los Angeles,Unknown,
403WE1027,Lockwood Creek Lockwood Valley Campground,34.72654,-119.02842,4,Ventura,P,
404ARRSEQ,Arroyo Sequit trib. ~0.5mi above confluence,34.08506,-118.91206,4,Los Angeles,Unknown,
405BRCAMS,"Bear Creek, WF ~0.5mi above mainstem",34.27380,-117.89900,4,Los Angeles,P,
405BRCSGR,Bear Creek above San Gabriel River,34.25031,-117.88372,4,Los Angeles,P,
405S02972,Trib to WF San Gabriel River,34.24958,-118.07550,4,Los Angeles,Unknown,
405S03280,"San Gabriel, NF ~0.8mi below Bichota Cyn. Cr",34.25686,-117.85653,4,Los Angeles,Unknown,SMC03280 alias
405S03452,Trib to Soldier Creek,34.30354,-117.83231,4,Los Angeles,Unknown,
405SGB003,San Gabriel Random Site 3,34.28157,-117.88508,4,Los Angeles,Unknown,
405SGB006,San Gabriel Random Site 6,34.25553,-117.82139,4,Los Angeles,Unknown,
405SGRAAG,"San Gabriel River, EF above Allison Gulch",34.26448,-117.74751,4,Los Angeles,P,
405WER318,Bear Creek below West Fork,34.26833,-117.89111,4,Los Angeles,P,
412S04204,SANTA ANITA CANYON ~0.3mi above Winter Cr.,34.20360,-118.01850,4,Los Angeles,P,
504CE0514,Deer Creek Irr. Ditch. ~1.1mi below Deer Creek,39.99666,-121.95944,5,Tehama,P,
504DCFRxx,Dye Creek off Foothill Road.,40.10556,-122.03797,5,Tehama,P,
504PS0227,Deer Creek ~3mi above Leininger Rd.,39.98518,-121.96753,5,Tehama,P,
504R5NPHG,Hog Gulch ~0.7mi above irrigation ditch,40.14993,-122.08210,5,Tehama,SFI,
504WE0527,Dye Creek ~0.4 mile below North Fork Dye Creek,40.10753,-122.02992,5,Tehama,P,
505BMCMCR,Bald Mountain Creek above McCloud River,41.09566,-122.13600,5,Shasta,P,
505LBCAMR,Ladybug Creek ~0.2mi above McCloud River,41.09204,-122.11268,5,Shasta,P,
505NC0222,Prospect Creek ~1.5mi above Squaw Creek,41.05638,-122.05865,5,Shasta,Unknown,
505PS0110,Tom Neal Creek above Squaw Valley Creek,41.09682,-122.20118,5,Shasta,P,
505PS0174,Squaw Creek below Muddy Spring Cr.,40.99915,-122.05995,5,Shasta,P,
505PS0366,Beartrap Creek ~0.5mi above Squaw Valley Cr.,41.11900,-122.18636,5,Shasta,Unknown,
505PS1884,Mud Creek ~2.2mi above Hwy 89,41.27755,-122.05516,5,Siskiyou,P,
505SQUAW1,Squaw Creek ~0.3mi above Snake Creek,40.98900,-122.05670,5,Shasta,P,
506PS0062,Sugarloaf Creek,40.86159,-122.46278,5,Shasta,Unknown,
506WE0625,"Backbone Creek, NF ~2.6 mi. above confluence with mainstem Backbone Cr.",40.85692,-122.48881,5,Shasta,Unknown,
507MZCAML,Manzanita Creek ~0.9mi above Manzanita Lake,40.53090,-121.55300,5,Shasta,P,
507SED021,Martin Creek 21,40.34795,-121.59180,5,Tehama,Unknown,
508ACNFPW,Antelope Creek North Fork at Ponderosa Way.,40.28078,-121.76447,5,Tehama,P,
509ACNFPP,"Antelope Creek, NF",40.24167,-121.86250,5,Tehama,P,
509ACS335,"Antelope Creek, SF ~0.4mi above NF",40.23860,-121.85720,5,Tehama,P,
509ACSFPP,"Antelope Creek, SF",40.24111,-121.86222,5,Tehama,P,
509ATCINC,Antelope Creek,40.23354,-121.87766,5,Tehama,P,
509BSCADC,Big Smoky Creek above Deer Cr.,40.10009,-121.66986,5,Tehama,Unknown,
509CBCADC,Cub Creek above Deer Cr.,40.20200,-121.50900,5,Tehama,Unknown,
509CE0081,Cottonwood Creek ~0.3mi above Shaw Creek,40.21250,-121.94638,5,Tehama,Unknown,
509CE0162,Big Dry Creek ~0.6mi above Tenmile Hallow Cr.,40.06018,-121.94720,5,Tehama,Unknown,
509CTC033,Carter Creek ~1.2mi above Deer Cr.,40.24660,-121.40750,5,Tehama,P,
509CWCPLR,Cottonwood Creek XX,40.20959,-121.92700,5,Tehama,P,
509FCA054,Antelope Creek 2.65mi d/s of Facht Place,40.21833,-121.99833,5,Tehama,P,
509ICPPCX,Indian Ceek,40.23333,-121.87889,5,Tehama,P,
509PCDTWR,Plum Creek,40.31194,-121.88583,5,Tehama,P,
509PMC197,Plum Creek ~0.4mi above Plum Cr. Rd.,40.31214,-121.89116,5,Tehama,P,
509PS0085,Mill Creek below Big Bend,40.25377,-121.56049,5,Tehama,P,
509PS0170,"Antelope Creek, MF ~0.4mi above Ponderosa Way",40.26488,-121.76809,5,Tehama,P,
509PS0234,Antelope Creek ~1.2mi below Indian Cr.,40.23137,-121.89689,5,Tehama,P,
509PS0277,Deer Creek ~1.5mi above Potato Patch Cmpgd,40.19898,-121.51505,5,Tehama,Unknown,
509R5NP3F,3 Forks Creek above Old Chico Canyon Rd.,39.85576,-121.70815,5,Butte,RFI,
509R5NPLG,Little Grapevine Creek above Rd. xing.,40.21733,-121.92153,5,Tehama,RFI,
509R5NPSC,Unnamed trib to Shaw Creek above road xing.,40.19666,-121.91727,5,Tehama,RFI,
509R5NPSH,Schoolhouse Creek below 14mi House Rd.,39.85064,-121.70847,5,Butte,RFI,
512ZZMAEC,Zim Zim Creek ~1mi above Eticuera Cr.,38.75870,-122.29740,5,Napa,RFI,
513CCNASC,"Cache Creek, NF ~0.4mi above Spanish Cr.",39.16545,-122.61999,5,Lake,RFI,
513PS0008,Higland Creek,38.93275,-122.93287,5,Lake,Unknown,
513PS0984,"Cache Creek, NF ~1.2mi below Spanish Cr.",39.16048,-122.60106,5,Lake,RFI,
513PS1032,Highland Creek ~0.3mi above Highland Springs Res.,38.93458,-122.91144,5,Lake,Unknown,
513STCAIV,Stanton Creek ~1.4mi above Indian Valley Res.,39.18460,-122.53560,5,Lake,P,
513UNCAKC,Unnamed Creek,39.16692,-122.50673,5,Lake,P,
514ALCANC,Alder Creek ~2.6mi above North Cr.,38.68877,-120.30198,5,El Dorado,P,
514BMCARC,Bald Mountain Canyon Creek above Rock Cr.,38.87255,-120.74348,5,El Dorado,P,
514BRUUPX,Brush Creek,38.81444,-120.61472,5,El Dorado,P,
514DNCLDC,Duncan Creek ~0.3mi below Ltl. Duncan Cr.,39.13879,-120.47561,5,Placer,P,
514FC1278,Duncan Creek ~0.3mi above Little Duncan Cr.,39.14468,-120.46647,5,Placer,P,
514FLC090,Five Lakes Creek (USFS),39.12665,-120.27821,5,Placer,Unknown,
514ICEUPx,"Silver Creek, SF Upper Reach above Ice House Res.",38.82015,-120.31364,5,El Dorado,P,
514LNCASC,Lyons Creek ~2.2mi above SF Silver Cr.,38.81374,-120.22612,5,El Dorado,P,
514MDCABC,Meadow Creek~2mi above Barker Creek,39.06366,-120.26834,5,Placer,RFI,
514MFA010,North Fork of Middle Fork American River (USFS),39.10120,-120.65210,5,Placer,Unknown,
514MLE046,Mule Creek (USFS),38.71538,-120.17608,5,El Dorado,Unknown,
514PCAPCR,Pilot Creek ~1.2mi above Plum Cr. Rd.,38.92410,-120.48140,5,El Dorado,Unknown,
514PCASMR,Pilot Creek ~1.1mi above Ruby Cyn.,38.89594,-120.54970,5,El Dorado,P,
514PS0090,Monumental Creek ~2.1mi above EF NF of NF American R.,39.25960,-120.61540,5,Placer,RFI,
514PS0131,Hells Delight Creek ~0.6mi above Silver Fork Amer. R.,38.70465,-120.22927,5,El Dorado,Unknown,
514PS0162,"American River, SF ~0.5mi above Bryan Cr.",38.80829,-120.09375,5,El Dorado,P,
514PS0275,"Silver Creek, Jones Fork west of Table Rock",38.84319,-120.30253,5,El Dorado,Unknown,
514RBC122,Rubicon River (USFS),38.92293,-120.58628,5,Placer,P,
514RCRUPx,Rubicon River above Hell Hole Res.,39.07904,-120.34781,5,Placer,P,
514SBCAMR,Strawberry Creek ~3.5 mi above American River,38.76082,-120.10769,5,El Dorado,P,
514SCCAAR,Sayles Canyon Creek,38.79070,-120.10400,5,El Dorado,P,
514SED078,American River (Middle Fork) 78,39.15227,-120.40052,5,Placer,Unknown,
514SED103,Lyons Creek 103,38.81331,-120.25771,5,El Dorado,P,
514SFA222,Silver Fork American River at Silver Fork Rd.,38.69487,-120.20136,5,El Dorado,P,
514UNIUPx,Big Silver Creek,38.88056,-120.35861,5,El Dorado,P,
517CYN098,Canyon Creek (USFS),39.59321,-120.96869,5,Sierra,Unknown,
517FCA046,Oregon Creek 0.85 mi d/s Gale Cr.,39.46556,-120.96694,5,Sierra,Unknown,
517LCCAYB,Lincoln Creek,39.59879,-120.51104,5,Sierra,P,
517PLC127,Pauly Creek ~1.8mi above Downie River,39.58470,-120.81030,5,Sierra,P,
517PLC130,Pauley Creek ~2.6mi above Downey River,39.59001,-120.80068,5,Sierra,P,
517PS0054,Oregon Creek ~1.2mi above Pike City Rd.,39.44571,-121.03343,5,Yuba,P,
517PS0074,Pauley Creek above Butcher Ranch Cr.,39.62500,-120.72535,5,Sierra,P,
517R5NPMG,McGinn Creek ~0.8mi above Dolan Harding R.,39.30744,-121.32838,5,Yuba,RFI,
518CDS022,Cold Stream ~0.9mi below Rice Cyn. Cr.,39.52710,-120.28940,5,Sierra,P,
518CE0047,Jennie Creek ~1.5mi above Inks Creek,40.37611,-121.10416,5,Plumas,Unknown,
518CE0338,Hopkins Creek ~0.6mi above East Branch,39.76417,-120.83167,5,Plumas,Unknown,
518CHCANF,Chino Creek above NF Feather River,39.71990,-121.42170,5,Butte,P,
518CMC383,Camp Creek below Dixie Rd,39.83784,-121.42760,5,Butte,P,
518CPCRCR,Chips Creek,40.00550,-121.27100,5,Plumas,P,
518FC1350,Clear Creek below Seneka Rd.,40.11089,-121.12540,5,Plumas,Unknown,
518FCA075,Little Schnider Creek ~1.8mi above Meadow Valley Cr.,39.90569,-121.04631,5,Plumas,P,
518FRE097,North Fork Feather River (Lassen) (USFS),40.34131,-121.31188,5,Plumas,P,
518GEC297,Gray Eagle Creek ~1mi below Gray Eagle Ldg. Rd.,39.73710,-120.65400,5,Plumas,P,
518GZCUPx,Grizzly Creek above Grizzly Forebay,39.88909,-121.27873,5,Plumas,P,
518HGY101,Hungry Creek (USFS),40.11530,-120.64505,5,Plumas,P,
518KNCAWC,Kings Creek ~2.2mi above Warner Cr.,40.45011,-121.36707,5,Shasta,Unknown,
518MCGRRx,Martin Creek at Galen Ridge Road.,39.65430,-121.39373,5,Butte,Unknown,
518MLC181,Mill Creek above Saw Logs Cr.,39.92723,-121.18121,5,Plumas,P,
518NF5073,Willow Creek ~1.1mi below Mosquito Cr.,39.84254,-121.15115,5,Plumas,Unknown,
518PS0033,Schneider Creek ~1.5mi above Meadow Valley Cr.,39.90841,-121.07188,5,Plumas,Unknown,
518PS0073,Lookout Creek ~3.3mi above Ltl. Last Chance Cr.,39.95945,-120.25449,5,Plumas,Unknown,
518PS0093,Little Grizzly Creek ~2.1mi below Oliver Cr.,39.99820,-120.73780,5,Plumas,P,
518PS0113,Grizzly Creek ~0.3mi above Yellow Cr.,40.07130,-121.25630,5,Plumas,P,
518PS0222,Thomas Creek ~1.7mi above Bennitt Cr.,39.85957,-122.63937,5,Tehama,Unknown,
518PS0229,Warner Creek ~0.9mi below Hot Springs Cr.,40.41812,-121.33739,5,Plumas,Unknown,
518RCAJNC,Rock Creek ~5.7mi above Jennie Creek,40.38870,-121.15740,5,Plumas,P,
518RCC289,Red Clover Creek @ Clearwater Cr.,40.03990,-120.65080,5,Plumas,P,
518RCNAPC,"Rice Creek, North Arm",40.40020,-121.43900,5,Plumas,P,
518SCEBAM,"Soda Creek, EB above mainstem",40.04500,-121.00170,5,Plumas,P,
518SDCAHR,Soldier Creek ~1mi above Humboldt Rd.,40.21188,-121.27240,5,Plumas,Unknown,
518SED013,Butt Creek 13,40.19443,-121.28451,5,Plumas,P,
518SED015,Feather River (North Fork) 15,40.35374,-121.41227,5,Plumas,Unknown,
518SED082,Jamison Creek 82,39.74051,-120.70642,5,Plumas,Unknown,
518SED086,Onion Vally Creek 86,39.80618,-121.04259,5,Plumas,Unknown,
518SED089,Poplar Creek 89,39.85234,-120.72634,5,Plumas,Unknown,
518SED091,Sulfer Creek 91,39.71162,-120.53464,5,Plumas,Unknown,
518SNCABC,Smithneck Creek ~0.8mi above Badenaugh Cyn.,39.62130,-120.19300,5,Sierra,P,
518SPC134,Sulphur Creek ~0.7mi above Sulphur Cr. Loop,39.68967,-120.51204,5,Sierra,Unknown,
518WE0521,Jamison Creek 1.3 miles upstream from middle fork Feather River,39.81211,-120.68140,5,Plumas,Unknown,
518WLCBWL,Willow Creek !1.5mi below Willow Lake,40.38537,-121.34084,5,Plumas,P,
518YLCAFR,Yellow Creek ~0.4mi above NF Feather River,40.01207,-121.24750,5,Plumas,Unknown,
521BTC303,Butte Creek ~1.5mi above Willow Cr.,40.10320,-121.46480,5,Butte,Unknown,
522CE0027,Little Stony Creek Below Frenzel Creek,39.29111,-122.56027,5,Colusa,P,
522MFSCMC,Stoney Creek Mill Creek,39.38014,-122.65053,5,Colusa,P,
522MFSCRB,Middle Fork Stony Creek,39.37763,-122.65283,5,Colusa,P,R5BIO-157 alias
522PS0504,Sullivan Creek ~0.8mi below Little Sullivan Cr.,39.28087,-122.62490,5,Colusa,RFI,
523PS0172,Flood Creek ~1mi above Thomes Cr.,39.93522,-122.82906,5,Tehama,P,
523TMCATG,Thomes Creek above The Gorge,39.85386,-122.66948,5,Tehama,P,
524ACMFPW,Antelope Creek Middle Fork at Ponderosa Way.,40.26706,-121.77364,5,Tehama,P,
524CAR003,Paige Boulder Creek upstream of Page Boulder Bridge,40.58208,-122.54541,5,Shasta,Unknown,
524CAR004,Whiskey Creek upstream of reservoir bridge,40.65602,-122.55932,5,Shasta,Unknown,
524PS0342,Cold Fork ~2mi below Panther Gulch,40.16991,-122.67528,5,Tehama,P,
524PS0650,"Clear Creek, SF ~2.9mi above Andrews Cr.",40.54267,-122.58017,5,Shasta,P,
524PS1114,Whiskey Creek ~0.8mi below Mad Mule Gulch,40.66264,-122.56117,5,Shasta,Unknown,
525NC0638,Lenz Creek ~0.3mi above Sacramento R.,41.03403,-122.38709,5,Shasta,P,
525WE0755,Wagon Creek ~4 miles above Davis Place Road crossing,41.33699,-122.40794,5,Siskiyou,Unknown,
526ASC237,Ash Creek ~2.6mi below Ambrose Cyn. Cr.,41.20302,-120.86065,5,Modoc,P,
526ASC330,Ash Creek ~3.2mi above Rush Cr.,41.20870,-120.86740,5,Modoc,P,
526CE0061,"Pine Creek, Middle Fork ~1.1mi above SF",41.37638,-120.29388,5,Modoc,Unknown,
526CE0483,"Fitzhugh Creek, NF ~0.6mi above Jim Creek",41.36111,-120.29861,5,Modoc,Unknown,
526ESCAMC,East Creek above Mosquito Cr.,41.17530,-120.20580,5,Lassen,P,
526HTC129,Hat Creek ~1.4mi above Rocky Cmpgnd,40.70991,-121.42319,5,Shasta,P,
526OT0508,Little Hatchet Creek ~1mi above Hwy 299,40.87683,-121.81767,5,Shasta,P,
526PCSAMF,"Parker Creek, SF ~2.6mi above MF",41.42414,-120.27766,5,Modoc,Unknown,
526PNCAMF,"Pine Creek, SF ~2mi above Middle Fork",41.36145,-120.28211,5,Modoc,Unknown,
526PRS117,Parsnip Springs ~0.8mi above Cty Hwy 510,41.15743,-120.26225,5,Lassen,Unknown,
526PS0072,Ash Creek,41.13422,-120.80025,5,Lassen,P,
526PS0076,Mill Creek 76,41.27448,-120.26295,5,Modoc,P,
526PS0321,Kosk Creek ~0.7mi above Stump Creek,41.07460,-121.92568,5,Shasta,Unknown,
526PS0396,Fitzhugh Creek ~4mi above Lyneta Rd.,41.37938,-120.40958,5,Modoc,P,
526PS1100,Mill Creek ~0.2mi below Slide Cr.,41.29150,-120.24950,5,Modoc,P,
526PS1420,Fitzhugh Creek ~0.7mi above Lyneta Rd.,41.36567,-120.45832,5,Modoc,Unknown,
526PS1544,Ash Creek ~3.1mi above Rush Cr.,41.20859,-120.86942,5,Modoc,P,
526PS1612,"Parker Creek, SF ~4.7mi above  mainstem",41.41219,-120.24473,5,Modoc,Unknown,
526PS1816,Johnson Creek above Rush Creek,41.28812,-120.89419,5,Modoc,Unknown,
526PS1868,"Pine Creek, SF above Middle Fork",41.37195,-120.31189,5,Modoc,P,
526PS1908,Willow Creek below Preston Cyn Creek,41.05586,-120.88283,5,Lassen,Unknown,
526PS2040,Shields Creek ~0.2mi below NF conflence,41.42168,-120.31410,5,Modoc,P,
526PS2136,Turner Creek ~2.2mi above Washington Cr.,41.45775,-121.04656,5,Modoc,Unknown,
526PSCBLK,Parsnip Creek ~1.1mi below Blue Lake,41.16100,-120.28940,5,Lassen,P,
526TRN109,Turner Creek (USFS),41.44817,-121.03706,5,Modoc,Unknown,
526WER123,Mill Creek ~0.2mi above Clear Lake,41.27361,-120.27000,5,Modoc,P,
526WTCACT,Washington Creek ~0.6mi above Turner Cr.,41.44264,-121.01538,5,Modoc,Unknown,
527CE0093,"Davis Creek, NF ~5.3 mi above Hwy 395",41.74972,-120.29472,5,Modoc,Unknown,
527PS1412,"Davis Creek, SF ~0.9mi above NF",41.72800,-120.33219,5,Modoc,Unknown,
527SED084,Lassen Cr 84,41.83232,-120.30053,5,Modoc,Unknown,
532CMC370,Camp Creek ~0.8mi below Bonetti Rd.,38.69400,-120.55210,5,El Dorado,P,
532CPC238,Camp Creek ~1.9mi below Brandon Cyn. Cr.,38.68031,-120.41584,5,El Dorado,P,
532CRM206,"Cosumnes River, MF below Horse Cyn. Cr.",38.58446,-120.30649,5,El Dorado,P,
532FC0088,Hayward Creek ~3.1mi above SF Mokelumne River,38.34236,-120.25952,5,Calaveras,Unknown,
532FC1181,Sly Park Creek below Park Creek Rd.,38.73232,-120.47840,5,El Dorado,P,
532FC1271,Unnamed Trib. ~0.3mi above Deer Cr.,38.58012,-119.88872,5,Alpine,Unknown,
532MKN078,McKinney Creek (USFS),38.60347,-120.43195,5,El Dorado,Unknown,
532PS0135,"Cosumnes River, MF ~2.8mi below Pi Pi Rd.",38.57290,-120.48316,5,El Dorado,P,
532PTCAER,Panther Creek above Ellis Rd.,38.51109,-120.33743,5,Amador,P,
532SPC282,Sly Park Creek ~1.5mi below Park Creek Rd.,38.73490,-120.50410,5,El Dorado,P,
532WE0760,Sopiago Creek ~1.6 miles above Middle Fork Cosumnes River,38.57735,-120.54398,5,El Dorado,Unknown,
532WER222,Pacific Creek below Marshall Creek,38.49611,-119.89388,5,Alpine,RFI,
532WS0355,"Mokelumne River, MF ~0.6mi above Solinsky Crossing",38.38510,-120.30230,5,Calaveras,P,
532WS0419,Hayward Creek ~1.7mi above Mokelumne R.,38.33537,-120.28322,5,Calaveras,P,
532WS0611,Licking Fork ~2.1mi above Dutch Cr.,38.34490,-120.39470,5,Calaveras,P,
533R5NPSC,Slate Creek above Hogan Dam Rd.,38.12402,-120.81199,5,Calaveras,RFI,
534ANCACF,Arnot Creek ~0.4mi above Clark Fork,38.40735,-119.79936,5,Alpine,P,
534ARC279,Arnot Creek abobe Clark Fork,38.40244,-119.80000,5,Alpine,P,
534BLC099,Blue Canyon Creek (USFS),38.33228,-120.10010,5,Tuolumne,Unknown,
534BMC094,Big Meadow Creek (USFS),38.43023,-120.11905,5,Calaveras,Unknown,
534BRC366,Big Rattlesnake Creek ~1.9mi above Stanislaus R.,38.35710,-120.16310,5,Tuolumne,Unknown,
534CFSAIM,Clark Fork Stanislaus River above Iceberg Mdw.,38.41626,-119.74242,5,Tuolumne,P,
534DCC167,Duck Creek ~0.2mi above Silver Cr.,38.44072,-120.01115,5,Alpine,P,
534MLC108,Mill Creek ~0.5mi above Hwy 108,38.30057,-119.93488,5,Tuolumne,P,
534PS0070,"Niagara Creek ~1mi be,ow Hwy 108",38.32643,-119.93868,5,Tuolumne,Unknown,
534PS0134,Clark Fork 0.9mi below Disaster Creek,38.41167,-119.76316,5,Alpine,P,
534RSCAGG,Rose Creek ~1.5mi above Grub Gulch,38.13193,-120.22041,5,Tuolumne,P,
534SED107,Stanislaus R (Clark Fk) 107,38.40272,-119.79500,5,Alpine,P,
534SPC227,Soap Creek ~1.1mi above Griswold Cr.,38.20090,-120.24876,5,Tuolumne,P,
534SRCFFC,"Stanislaus River, Upper Clark Fork ~0.6mi above Fence Cr.",38.36600,-119.86920,5,Tuolumne,P,
534WER219,Disaster Creek above Clark Fork,38.41833,-119.75138,5,Alpine,P,
534WS0748,Soap Creek ~2.4mi above Griswold Cr.,38.20270,-120.22590,5,Tuolumne,P,
534WS1004,Grizzly Creek ~0.4mi above Beaver Cr.,38.26890,-120.23010,5,Tuolumne,Unknown,
536CE0106,North Crane Creek above Tuolumne River,37.80166,-119.84722,5,Tuolumne,Unknown,
536CE0330,Unnamed Spring above Camp 24 site,38.03777,-120.08972,5,Tuolumne,Unknown,
536CLR247,Clavey River ~1.5mi below Trout Cr.,38.06351,-120.02017,5,Tuolumne,P,
536CLV001,Clavey River 1,37.99007,-120.05468,5,Tuolumne,P,
536CLV002,Clavey River 2,37.98699,-120.05305,5,Tuolumne,P,
536CLV003,Clavey River 3,37.98209,-120.05360,5,Tuolumne,P,
536CLV004,Clavey River 4,37.97832,-120.05225,5,Tuolumne,P,
536HLCBFM,Hull Creek below Funks Meadow,38.04566,-120.09966,5,Tuolumne,P,
536LLCACR,Lily Creek ~0.3mi above Clavey River,38.14049,-119.96303,5,Tuolumne,P,
536PS0107,Clavey River ~3mi above Twomile Cr.,38.04570,-120.02380,5,Tuolumne,P,
536PS0159,Middle Tuolumne River ~0.5mi above Long Gulch Cr.,37.85956,-119.71521,5,Tuolumne,P,
536RCCACR,Rock Creek ~3.6mi above Clavey River,38.11250,-119.95110,5,Tuolumne,RFI,
536SED006,Jawbone Cr 6,37.90512,-119.99630,5,Tuolumne,P,
536SED108,Tuolumne R (Middle Fk) 108,37.86869,-119.90423,5,Tuolumne,P,
536SFT127,South Fork Tuolumne (USFS),37.81137,-119.96393,5,Tuolumne,P,
536TRC119,Trout Creek ~2.8mi above Clavey River,38.11576,-120.00353,5,Tuolumne,Unknown,
536TRMACC,Middle fork Tuolomne above Cottonwood Creek?,37.88282,-119.79457,5,Tuolumne,P,
536WER237,Parker Pass Creek ~2.1mi above Dana Fork,37.87055,-119.23833,5,Tuolumne,Unknown,
537ADCH41,Alder Creek at Hwy 41,37.58030,-119.67833,5,Mariposa,P,
537BLCABG,Bull Creek ~0.7mi above Bonell Gulch Cr.,37.70408,-119.97377,5,Mariposa,P,
537BSCAWR,Bishop Creek,37.62120,-119.67700,5,Mariposa,Unknown,
537CE0238,Grouse Creek ~0.9mi above Hwy 41,37.68457,-119.68530,5,Mariposa,Unknown,
537FCA009,Illilouette Creek above Mono Meadow Trail - 2mi below Clark Fork,37.68389,-119.53972,5,Mariposa,Unknown,
537GZCAMR,Grizzly Creek,37.52509,-119.46551,5,Madera,P,
537R5NPFA,Fly Away Gulch above Hwy 49,37.62239,-120.14266,5,Mariposa,RFI,
537TYCAML,Tenaya Creek,37.75990,-119.52900,5,Mariposa,P,
537WER236,Yosemite Creek above Hwy 120,37.85305,-119.57388,5,Mariposa,Unknown,
539NDCACC,Nelder Creek ~1mi above California Cr.,37.42494,-119.59566,5,Madera,P,
539SED010,Nedler Cr 10,37.41099,-119.59513,5,Madera,P,
540BCA168,Big Creek ~1.9mi above Hwy 168,37.23381,-119.13583,5,Fresno,P,
540BSC296,Beasore Creek ~2.3mi below Beasore Rd.,37.44590,-119.44290,5,Madera,P,
540CDC136,Cold Creek ~1.4mi above Lake Thomas Edison,37.39722,-119.00136,5,Fresno,P,
540CE0078,Unnamed Creek ~0.35mi above San Joaquin River SF,37.21916,-118.86111,5,Fresno,Unknown,
540CQCBBR,Chiquito Creek ~0.7mi below Beasore Rd.,37.51273,-119.42497,5,Madera,P,
540DTC352,Daulton Creek ~0.3mi below Stump Springs Rd.,37.32205,-119.28560,5,Fresno,P,
540GNCBTC,"Granite Creek, WF ~0.6mi below Timber Cr.",37.56403,-119.31596,5,Madera,P,
540KSR052,Kaiser Creek (USFS),37.35820,-119.24443,5,Fresno,P,
540MNCANF,Mono Creek ~0.6mi above North Fork,37.41303,-118.90795,5,Fresno,P,
540MNCASJ,Minaret Creek ~0.4mi above San Joaquin River,37.63977,-119.08796,5,Madera,P,
540MNO024,Mono Creek (USFS),37.41471,-118.91689,5,Fresno,P,
540MRC196,Minaret Creek ~0.8mi above MF San Joaquin R.,37.64089,-119.09463,5,Madera,P,
540SDC212,Sand Creek ~0.7mi above Timber Cr.,37.32109,-119.49215,5,Madera,P,
540SED003,Boulder Creek 3,37.24245,-118.94770,5,Fresno,P,
540SED005,Home Camp Cr 5,37.24155,-119.24345,5,Fresno,Unknown,
540SED009,Mugler Creek 9,37.46036,-119.41629,5,Madera,Unknown,
540SED105,Pitman Cr 105,37.19440,-119.20839,5,Fresno,Unknown,
540SED106,San Joaquin (Middle Fork) 106,37.64224,-119.08261,5,Madera,P,
540SED114,Willow Creek (North Fork) 114,37.40073,-119.56684,5,Madera,Unknown,
540SJRUPx,"San Joaquin River, SF Above Florence Lake",37.24207,-118.94267,5,Fresno,P,
540WLW100,"Willow Creek, Stanislaus NF (USFS)",37.17178,-119.47849,5,Madera,P,
543KEL030,Mallory Creek 0.25 mile above N Vasco Rd.,37.80230,-121.75336,5,Contra Costa,RFI,
552DKC268,Dinkey Creek ~0.5mi above Reese Cr.,37.09119,-119.15638,5,Fresno,P,
552DKC292,Dinkey Creek ~2.2mi above NF Kings R.,36.92800,-119.13390,5,Fresno,P,
552DRCAEF,Deer Creek above East Fork,37.00690,-119.06364,5,Fresno,P,
552FC1226,Rock Creek ~2.9mi above Dinkey Cr.,37.11441,-119.16928,5,Fresno,Unknown,
552FCA017,Big Creek ~0.5mi below Rush Creek,36.96443,-119.23157,5,Fresno,P,
552KRSFBC,"Kings River, SF",36.78930,-118.55100,5,Fresno,P,
552MFC331,Mill Flat Creek ~0.8mi above Davis Cr.,36.84330,-119.07650,5,Fresno,P,
552PS0028,Mill Flat Creek 28,36.84278,-119.09640,5,Fresno,P,
552PS0284,Dinkey Creek ~0.6mi above NF Kings River,36.90889,-119.12730,5,Fresno,P,
552R5NPDC,Davis Creek ~1.4mi above Mill Flat Cr.,36.82459,-119.08830,5,Fresno,P,
552SED011,Big Meadows 11,36.72350,-118.81421,5,Tulare,Unknown,
552SED020,Little Boulder Creek 20,36.75323,-118.81672,5,Fresno,Unknown,
552SED029,Tenmile Creek 29,36.75806,-118.89532,5,Fresno,Unknown,
553KRMAPC,Kaweah River above Paradise Cr.,36.51978,-118.76061,5,Tulare,P,
553KRMFHC,"Kaweah River, Marble Fk. ~0.2mi above Horse Cr.",36.61139,-118.69985,5,Tulare,P,
553KRNAYC,"Kaweah River, NF ~0.2mi above Yucca Cr.",36.54679,-118.89798,5,Tulare,P,R5BIO-224 alias
553KRSASC,South Fork Kaweah River above Squaw Creek?,36.34986,-118.75077,5,Tulare,P,
553TCCAKR,Yucca Creek above Kawaeh River,36.54484,-118.89593,5,Tulare,P,
553WER208,Dorst Creek ~0.2mi above General Hwy,36.64805,-118.80111,5,Tulare,Unknown,
553WER224,Kaweah River above Halstead Creek,36.58194,-118.78250,5,Tulare,P,
553WER225,Squaw Creek Above Kaweah River SF,36.35111,-118.75055,5,Tulare,Unknown,
554ARC001,"Kern River, SF above Tunnel Mdws.",36.38437,-118.25114,5,Tulare,P,
554ARC002,"Kern River, SF ~1mi above Tunnel Mdws.",36.39605,-118.24750,5,Tulare,P,
554ARC003,Mulkey Creek ~1.7mi below Bullfrog Mdw. Cr.,36.38597,-118.21204,5,Tulare,Unknown,
554ARC004,Mulkey Creek above Bullfrog Mdw. Cr.,36.40142,-118.20560,5,Tulare,Unknown,
554ARC006,Unnamed Trib to SRKR above Tunnel Mdws.,36.38668,-118.24721,5,Tulare,Unknown,
554BSC001,"Kern River, SF ~1.5mi above Hessian Mdw. Cr.",36.23559,-118.18712,5,Tulare,P,
554BSC003,Monache Cree ~0.8mi above Hessian Mdw. Cr.,36.22922,-118.15741,5,Tulare,Unknown,
554BSC004,Soda Creek ~1.5mi above SFKR,36.21729,-118.19466,5,Tulare,Unknown,
554BSC005,"Kern River, SF ~0.3mi below Hessian Mdw. Cr.",36.21622,-118.17658,5,Tulare,P,
554CLCALK,Clicks Creek ~1 above Little Kern River,36.21290,-118.51401,5,Tulare,Unknown,
554DCT095,Dark Canyon Tributary (USFS),35.99436,-118.26631,5,Tulare,Unknown,
554FSC207,Fish Creek ~2.5mi above Troy Mdw.,36.09726,-118.25054,5,Tulare,P,
554KRN096,South Fork Kern River (Beck) (USFS),36.18134,-118.15314,5,Tulare,P,
554NYCGWD,Nobe Young Creek ~0.2mi above Great Western Divide Hwy,36.02050,-118.56685,5,Tulare,Unknown,
554PMCABC,Poison Meadow Creek ~1.2mi above Brush Cr.,35.95289,-118.41531,5,Tulare,P,
554PMCGWD,Peppermint Creek ~0.8mi above Great Western Divide Hwy,36.08291,-118.54753,5,Tulare,Unknown,
554PS0192,"Kern River, SF ~0.8mi above Bitter Cr.",36.04253,-118.13433,5,Tulare,P,
554SED014,Dry Meadow Creek 14,36.00812,-118.50618,5,Tulare,Unknown,
554SED016,Freeman Creek 16,36.13472,-118.47287,5,Tulare,Unknown,
554SED019,Kern River (South Fork) 19,36.05535,-118.13149,5,Tulare,P,
554SED025,Nobe Young Creek 25,35.99743,-118.53571,5,Tulare,Unknown,
554SED026,Peppermint Creek 26,36.06751,-118.49114,5,Tulare,Unknown,
554SED027,Salmon Creek 27,35.90071,-118.36951,5,Tulare,P,
554SED028,South Creek 28,35.96888,-118.52125,5,Tulare,Unknown,
554SFKR01,"Kern River, SF below Schaeffer Stringer",36.26533,-118.19878,5,Tulare,P,
554SFKR02,"Kern River, SF below Strawberry Cr.",36.29364,-118.18132,5,Tulare,P,
554SFKR03,"Kern River, SF ~0.6mi below Four Cyns. Cr.",36.32498,-118.19123,5,Tulare,P,
554SFKR04,"Kern River, SF below Four Cyns. Cr.",36.33198,-118.19073,5,Tulare,P,
554SFKR05,"Kern River, SF lower Ramshaw Mdws.",36.34378,-118.24258,5,Tulare,P,
554SFKR06,"Kern River, SF above Ramshaw Mdws.",36.35884,-118.27898,5,Tulare,P,
554T01001,Schaeffer Stringer ~1mi above SFKR,36.27311,-118.21200,5,Tulare,Unknown,
554T03001,Strawberry Creek ~1.5mi above SFKR,36.30038,-118.20038,5,Tulare,Unknown,
554T03003,"Strawberry Creek ~4mi above Kern River, SF",36.30817,-118.23866,5,Tulare,Unknown,
554T04001,Unnamed Trib to Strawberry Cr. ~1.3mi above Strawberry Cr.,36.30078,-118.22786,5,Tulare,Unknown,
554T05001,Unnamed Trib (Bell Camp Mdw) at Brown Mdw. Cr.,36.30018,-118.16364,5,Tulare,Unknown,
554T07001,Four Canyons ~1.6mi above SFKR,36.33622,-118.17042,5,Tulare,Unknown,
554T08001,Mulkey Creek ~0.8mi above SFKR,36.34624,-118.20226,5,Tulare,Unknown,
554T09002,Movie Stringer Creek,36.31516,-118.23825,5,Tulare,Unknown,
554T10001,Lewis Stringer ~0.7mi above SFKR,36.32906,-118.24142,5,Tulare,Unknown,
554T12001,Kern Peak Stringer ~1.2mi above SFKR,36.34097,-118.27427,5,Tulare,Unknown,
554WE1002,Monache Creek ~ 0.9 miles above SF Kern River,36.22779,-118.16187,5,Tulare,Unknown,
555CDC287,Cedar Creek ~0.7mi above Hwy 155,35.75600,-118.57750,5,Kern,Unknown,
555PS0064,Bear Creek 64,36.18281,-118.78852,5,Tulare,P,
601LVC002,Lee Vining Cr lower/central channel,37.97190,-119.11150,6,Mono,Unknown,
601PS0077,Mill Creek ~2.2mi below Lundy Lake,38.03060,-119.18370,6,Mono,P,
601PS0233,Lee Vining Creek ~1.6mi above Hwy 120,37.93375,-119.14391,6,Mono,Unknown,
602LWT001,Lower Wet Fork Sawmill Cr/Glass,37.82313,-118.65232,6,Mono,Unknown,
603DDM001,"Deadman Cr, above Big Springs campground",37.75118,-118.94163,6,Mono,Unknown,
603DDM004,"trib to Deadman Cr, 3rd trib",37.70595,-119.04501,6,Mono,P,
603DDM005,"trib to Deadman Cr, 1st trib",37.70169,-119.03358,6,Mono,Unknown,
603DDM006,"trib to Deadman Cr, 2nd trib",37.70229,-119.03698,6,Mono,P,
603FC0352,Taboose Creek ~2.5mi above Tinemaha Rd.,37.00310,-118.29452,6,Inyo,Unknown,
603FCA145,Hilton Creek 1mi above Hwy 395,37.56444,-118.75472,6,Mono,P,
603GBC044,Gable Creek (USFS),37.35420,-118.68381,6,Inyo,Unknown,
603GLS001,"Glass Cr, lower",37.74736,-118.98529,6,Mono,Unknown,
603GSCADC,Glass Creek ~4.1mi above Deadman Cr.,37.73969,-119.04995,6,Mono,Unknown,
603LP0360,Lone Pine Creek ~2mi below Consultation Lake,36.58050,-118.24800,6,Inyo,P,
603OHCAOR,O'Harrel Canyon Creek ~3mi above Owens River,37.74485,-118.75598,6,Mono,Unknown,
603OHR001,"O’Harrell Canyon Cr, below",37.74242,-118.75921,6,Mono,Unknown,
603PS0008,Hilton Creek,37.48584,-118.76035,6,Mono,P,
603PS0045,McGee Creek ~3.4mi above Crowley Lake Rd,37.55163,-118.80164,6,Mono,P,
603PS0056,Pine Creek above Upper Pine Lake,37.34092,-118.73389,6,Inyo,P,
603PS0073,Deadman Creek ~5.8mi above Glass Cr.,37.70944,-119.05823,6,Mono,P,
603PS0075,Marble Creek ~0.9mi above Hwy 6,37.75710,-118.44120,6,Mono,Unknown,
603PS0076,Bishop Creek ~0.3mi below Coyote Cr.,37.31870,-118.50600,6,Inyo,P,
603PS0092,Rawson Creek ~1.1mi above Gerkin Rd.,37.28640,-118.40420,6,Inyo,Unknown,
603PS0109,Lone Pine Creek,36.59464,-118.14534,6,Inyo,P,
603PS0173,Laurel Creek ~1.2mi above Sherwin Cr. Rd.,37.60709,-118.91947,6,Mono,P,
603PS0180,Lower Rock Creek ~1mi above Lower Rock Cr. Rd.,37.49324,-118.59904,6,Mono,P,
603PS0232,McGee Creek ~1.7mi below Aquaduct Dam,37.28852,-118.60516,6,Inyo,Unknown,
603PS0265,Deadman Creek ~1.3mi above Lower Deadman Cr. Cmpgd,37.71627,-119.03188,6,Mono,P,
603PS1056,Goodale Creek ~3.5mi above Tinemaha Rd.,36.98210,-118.30250,6,Inyo,Unknown,
603PS1488,Shephard Creek ~1.1mi below Williamson Cr.,36.71254,-118.27636,6,Inyo,P,
603RCC156,Rock Creek ~0.2mi below EF,37.47829,-118.72113,6,Mono,P,
603SED054,Deadman Creek 54,37.75389,-118.96542,6,Mono,P,
603SPCBWC,Shepherd Creek,36.71668,-118.26333,6,Inyo,P,
603UOW008,"Upper Owens River, Alpers ranch",37.74925,-118.91787,6,Mono,Unknown,
603WE0758,Hilton Creek ~2mi S Hw 395,37.54998,-118.75965,6,Mono,P,
603WER242,Convict Creek ~1mi below Mildred Lake,37.56027,-118.87250,6,Mono,Unknown,
603WER245,Taboose Creek ~1.4mi above Hwy 395,36.99833,-118.25722,6,Inyo,Unknown,
603WER246,Shepherd Creek ~1.8mi below Williamson Creek,36.71888,-118.26750,6,Inyo,P,
603WKR001,Walker Cr (Owens) - below confluence,36.24824,-118.04752,6,Inyo,Unknown,
604WER244,"Cottonwood Creek, SF ~1mi above confluence",37.53194,-118.16083,6,Mono,Unknown,
624SCN001,Sand Canyon Cr below South Fork,35.77699,-117.93060,6,Kern,Unknown,
626BRCNVY,Big Rock Creek nr. Valyermo,34.42083,-117.83950,6,Los Angeles,P,gaged T10263500
626PS0171,Little Rock Creek,34.44752,-118.01537,6,Los Angeles,Unknown,
626PS0619,Little Rock Creek ~0.9mi below South Fork,34.41876,-117.97470,6,Los Angeles,P,
626PS0827,"Big Rock Creek, SF ~1.8mi above Main Stem",34.38649,-117.82498,6,Los Angeles,P,
626PS1195,Little Rock Creek ~1.1mi above Santiago Cyn. Cr.,34.45460,-118.01719,6,Los Angeles,Unknown,
628CE0088,Holcomb Creek ~2.6mi above Coxey Road,34.30583,-116.94194,6,San Bernardino,Unknown,
628MRW138,"Mojave River, WF ~1.2mi above Hwy 138",34.28471,-117.37374,6,San Bernardino,Unknown,
630BDY001,By-Day Cr - below state land,38.27055,-119.30825,6,Mono,Unknown,
630BUC001,"Buckeye Cr, below WRID fence",38.27600,-119.25665,6,Mono,Unknown,
630FCA097,By-Day Creek Section 2.1 - 2.2 mi u/s of valley,38.27139,-119.33111,6,Mono,Unknown,
630PMT001,Paramount Cr - below Halfway,38.30386,-119.03257,6,Mono,Unknown,
630PS0005,Virginia Creek,38.06580,-119.22584,6,Mono,P,
630PS0177,Green Creek above Green Lakes Rd.,38.13339,-119.23464,6,Mono,P,
630RBS001,"Robinson Cr, below WRID fence",38.27196,-119.25410,6,Mono,Unknown,
630RBS002,"Robinson Cr, above WRID fence",38.26984,-119.25994,6,Mono,Unknown,
630RBS004,"Robinson Cr, below Robinson Cr campground",38.19170,-119.31891,6,Mono,Unknown,
630RBS005,"Robinson Cr, above Twin Lakes",38.14595,-119.38570,6,Mono,P,
630SED034,Green Creek 34,38.13435,-119.23508,6,Mono,P,
630SWA001,"Swauger Cr, lower Valdez",38.35853,-119.34198,6,Mono,Unknown,
630SWA002,"Swauger Cr, main",38.37002,-119.34581,6,Mono,Unknown,
630SWA003,"Swauger Cr, above East Fork",38.38168,-119.34457,6,Mono,Unknown,
630WE0860,Long Valley Creek ~2mi W Hwy 395,38.31090,-119.34293,6,Mono,Unknown,
631CE0074,Mill Creek ~1mi above Terry Canyon Creek,38.45055,-119.48805,6,Mono,Unknown,
631COT001,"Cottonwood Cr, Sweetwater Meadow site",38.43976,-119.42347,6,Mono,Unknown,
631DEP001,"Deep Creek, above west walker",38.45508,-119.45353,6,Mono,P,
631KIR001,"Kirman Cr, lower",38.34528,-119.51998,6,Mono,Unknown,
631KIR002,"Kirman Cr, upper",38.33608,-119.51188,6,Mono,RFI,
631KIR003,"Kirman Cr, alternate upper",38.33720,-119.51928,6,Mono,Unknown,
631LWK002,"Little Walker, central",38.32074,-119.44881,6,Mono,P,
631MIL001,"Mill Cr, central",38.47600,-119.48767,6,Mono,Unknown,
631POR002,"Poore Cr, above fence",38.33157,-119.53222,6,Mono,Unknown,
631PS0001,McKay Creek,38.31223,-119.61282,6,Mono,P,
631PS0011,Silver Creek ~2mi above W. Walker River,38.37300,-119.53417,6,Mono,P,
631PS0023,Desert Creek ~0.5mi above East Fork,38.47279,-119.35211,6,Mono,P,
631PS0033,Falls Creek above West Walker River,38.28761,-119.54738,6,Mono,P,
631PS0145,West Walker River below Laevitt Cr.,38.31982,-119.54948,6,Mono,P,
631PS0273,Molybdenite Creek ~0.5mi above Little Walker R.,38.29737,-119.44611,6,Mono,Unknown,
631SED038,Little Walker River 38,38.32841,-119.44978,6,Mono,P,
631SED052,West Walker R 52,38.31359,-119.54865,6,Mono,P,
631SLK001,"Slinkard Cr, restoration area",38.59441,-119.56485,6,Mono,Unknown,
631SRD001,Sardine Branch - below top meadow,38.31668,-119.59518,6,Mono,Unknown,
631WWF001,Wolf Cr - meadow,38.36439,-119.56011,6,Mono,Unknown,
631WWK002,"West Walker River, Settelmeyer",38.37173,-119.45296,6,Mono,P,
631WWK005,"West Walker River, upper Leavitt",38.30902,-119.54991,6,Mono,P,
631WWK006,"West Walker River, upper confluence",38.29076,-119.54485,6,Mono,P,
632BGV001,"Bagley Valley Cr, control",38.59231,-119.65468,6,Alpine,Unknown,
632BGV002,"Bagley Valley Cr, meadow",38.59494,-119.64857,6,Alpine,Unknown,
632BGV003,"Bagley Valley Cr, restoration project",38.59892,-119.64698,6,Alpine,Unknown,
632CHV001,"Charity Valley Creek, next to trail",38.67789,-119.90035,6,Alpine,Unknown,
632COY001,Coyote Valley Cr 1st Ord Lower,38.48005,-119.59837,6,Alpine,Unknown,
632COY002,Coyote Valley Cr 1st Ord Upper,38.46471,-119.57923,6,Alpine,Unknown,
632CRV001,Corral Valley Cr 2nd Ord Lower,38.49740,-119.60403,6,Alpine,Unknown,
632CRV002,Corral Valley Cr 2nd Ord Upper,38.49529,-119.60132,6,Alpine,Unknown,
632DIX001,"Dixon Cr, lower above trail",38.56105,-119.70510,6,Alpine,P,
632ECR006,"East Fork Carson River, above Bagley Valley",38.59088,-119.65569,6,Alpine,P,
632ECR008,East Carson River 4th Ord Upper,38.57047,-119.62771,6,Alpine,P,
632ELD001,"Elder Cr, lower",38.49990,-119.73980,6,Alpine,P,
632GOL001,"Golden Canyon Cr, above trail xing",38.46000,-119.71260,6,Alpine,Unknown,
632HEN001,"Heenan Cr, Company Meadow",38.66056,-119.62764,6,Alpine,Unknown,
632HOS002,"Hot Springs Cr, Above Hot Spring Inflow",38.69784,-119.83696,6,Alpine,P,
632LEV004,"Leviathan Cr, upper",38.68823,-119.64773,6,Alpine,Unknown,
632MUR001,"Murray Canyon Cr, below confluence",38.49190,-119.70170,6,Alpine,P,
632NOB001,"Noble Cr, lower",38.57340,-119.78967,6,Alpine,P,
632PS0007,Silver King Creek,38.53281,-119.59393,6,Alpine,Unknown,
632PS0058,Wolf Creek ~0.7mi above EF Carson River,38.60621,-119.69040,6,Alpine,P,
632PS0218,Noble Creek ~1mi above Silver Cr. Cmp.,38.57378,-119.79060,6,Alpine,Unknown,
632PS0250,Wolf Creek below Dixon Cr.,38.56193,-119.70329,6,Alpine,Unknown,
632PSN001,Poison Cr above confluence,38.73019,-119.63489,6,Alpine,Unknown,
632SED032,Carson River (East Fork) 32,38.56647,-119.62707,6,Alpine,P,
632SED094,Silver Creek 94,38.60540,-119.76760,6,Alpine,Unknown,
632SED095,Silver King Creek 95,38.56785,-119.62523,6,Alpine,Unknown,
632SND001,Snodgrass Cr - middle meadow,38.52086,-119.57702,6,Alpine,Unknown,
632SPT001,"Spratt Cr, above road x-ing",38.68417,-119.80770,6,Alpine,Unknown,
632SVK001,"Silver King Cr, above valley",38.55124,-119.60971,6,Alpine,P,
632SVK002,"tributary 1-SKC, above Silver King Cr",38.55187,-119.60802,6,Alpine,Unknown,
632SVK003,Silver King Cr 3rd Ord Lower,38.56779,-119.62514,6,Alpine,Unknown,
632SVK004,Silver King Cr 3rd Ord Upper,38.49751,-119.60394,6,Alpine,Unknown,
632WE0629,Charity Valley Creek ~2.5mi above Charity Valley,38.69578,-119.87532,6,Alpine,Unknown,
632WLF001,"Wolf Cr, above trailhead",38.57259,-119.69582,6,Alpine,Unknown,
633FRD001,"Forestdale Cr, upper",38.67801,-119.96337,6,Alpine,Unknown,
633PS0003,Willow Creek,38.81790,-119.90951,6,Alpine,P,
633PS0083,Forestdale Creek above Blue Lakes Rd,38.67890,-119.96080,6,Alpine,Unknown,
633PS0259,"Carson River, WF above Cloudburst Cyn. Cr.",38.76460,-119.85646,6,Alpine,Unknown,
633WCR003,"West Fork Carson Riv, upper Faith",38.68111,-119.93125,6,Alpine,P,
633WE0991,Carson River WF ~ 1.6 miles up Blue Lakes Rd.,38.73217,-119.92824,6,Alpine,P,
633WIL001,"Willow Cr, lower",38.78228,-119.91593,6,Alpine,P,
634CAS001,"Cascade Creek, below Snow Lake",38.92463,-120.10930,6,El Dorado,Unknown,
634CAT055,Meeks Creek ~0.6mi below Lake Genevieve,39.00578,-120.16534,6,El Dorado,P,
634CE0482,"Blackwood Creek, MF ~0.7mi above North Fork",39.08472,-120.21611,6,Placer,Unknown,
634CLD001,"Cold Creek, below powerline trail",38.89904,-119.94952,6,El Dorado,P,
634EGL005,Unnamed Creek above Eagle Lake,38.94051,-120.12389,6,El Dorado,P,
634GACALL,Glen Alpine Creek ~1mi above Lilly Lake,38.87318,-120.09556,6,El Dorado,P,
634GEN001,"General Cr, below loop road",39.04401,-120.14319,6,Placer,Unknown,
634GRF001,Griff Cr - state land,39.26626,-120.02629,6,Placer,P,
634HEV001,"Heavenly Valley Creek, above powerline",38.91510,-119.95051,6,El Dorado,Unknown,
634HHCATC,Hell Hole Creek ~0.4mi above Trout Creek,38.85429,-119.94777,6,El Dorado,Unknown,
634HID001,"Hidden Valley Creek, above confluence",38.87197,-119.96403,6,El Dorado,Unknown,
634MEK001,"Meeks Creek, head of upper meadow",39.01474,-120.15732,6,El Dorado,Unknown,
634MKC278,McKinney Creek ~1.4mi above Hwy 89,39.05563,-120.15400,6,Placer,P,
634MKCBLG,Meeks Creek ~1.8mi below Lake Genevieve,39.01936,-120.15304,6,El Dorado,P,
634PS0035,Glen Alpine Creek ~1.3mi above Lilly Lake,38.87164,-120.09927,6,El Dorado,P,
634PS0062,Trout Creek ~1.1mi above Saxon Cr.,38.87503,-119.97164,6,El Dorado,P,
634PS0099,Eagle Creek above Hwy 89,38.95160,-120.11290,6,El Dorado,Unknown,
634R10BMW,Big Meadow Creek ~0.6mi above Hwy 89,38.77957,-119.99815,6,El Dorado,P,
634R10GNL,General Creek ~0.9mi above Fire Rd,39.02985,-120.16074,6,El Dorado,Unknown,
634R10UTR,Upper Truckee River ~1.6mi above U. Truckee Rd.,38.77875,-120.02978,6,El Dorado,P,
634SAX001,"Saxon Creek, above Oneidas",38.86059,-119.98420,6,El Dorado,Unknown,
634SAX003,Saxon Cr 2nd Ord Upper,38.87120,-119.98194,6,El Dorado,Unknown,
634SAX004,Saxon Cr Trib 1st Ord Lower,38.86994,-119.98043,6,El Dorado,Unknown,
634SAX005,Saxon Cr Trib 1st Ord Upper,38.86531,-119.97185,6,El Dorado,Unknown,
634SAX121,Saxon Creek ~2.1mi above Trout Cr.,38.85694,-119.98610,6,El Dorado,Unknown,
634SED031,Blackwood Cr 31,39.10844,-120.18941,6,Placer,Unknown,
634SED033,General Cr 33,39.04386,-120.14784,6,Placer,Unknown,
634SED050,Ward Cr 50,39.13884,-120.18830,6,Placer,Unknown,
634TCBFLL,Taylor Creek ~0.5mi below Fallen Leaf Lake,38.92380,-120.05700,6,El Dorado,Unknown,
634TRCASC,Trout Creek 634010125 Trend Panel B,38.87841,-119.98016,6,El Dorado,P,
634TRT001,"Trout Creek, below fountain place",38.85711,-119.94267,6,El Dorado,P,
634UNTUTR,Unnamed Trib. ~0.5mi above Upper Truckee R.,38.78530,-120.01820,6,El Dorado,Unknown,
634UTR008,"Upper Truckee River, above Christmas Valley (forest)",38.79337,-120.01936,6,El Dorado,Unknown,
634UTRATR,Upper Truckee River ~2.6mi above S. Upper Truckee Rd.,38.76480,-120.03030,6,El Dorado,Unknown,
634WRD029,Wards Creek ~2.6mi above Hwy 89,39.14052,-120.19702,6,Placer,Unknown,
634WSN001,Watson Cr - above crossing,39.22273,-120.10026,6,Placer,P,
635BRC001,Bronco Cr - above low road xing,39.38406,-120.01957,6,Nevada,Unknown,
635CLS001,"Cold Stream, upper gravel pit",39.30030,-120.25211,6,Placer,Unknown,
635GRY001,Gray Cr - lower,39.37275,-120.02803,6,Nevada,Unknown,
635MAR003,"Martis Creek, Schaffer Creek Tributary above Siller Property",39.27145,-120.17024,6,Placer,Unknown,
635PCNA89,"Prosser Creek, NF ~4.2mi above Hwy 89",39.38096,-120.23834,6,Nevada,P,
635POL001,"Pole Cr, tributary ref",39.23543,-120.23265,6,Placer,Unknown,
635PRN001,"North Prosser Creek, below USFS boundary",39.38631,-120.25156,6,Nevada,P,
635PRS001,"Prosser Cr, below confluence",39.38280,-120.22514,6,Nevada,P,
635PS0038,Prosser Creek ~1.2mi below East/West Fork conf.,39.38237,-120.22623,6,Nevada,P,
635PS0294,Prosser Creek ~1.4mi above Hwy 89,39.39925,-120.20751,6,Nevada,P,
635SQN001,"Squaw Cr, North Fork, below Silverado",39.20407,-120.25009,6,Placer,RFI,
636LCY001,"Lacey Canyon Creek, confined section",39.46409,-120.42566,6,Sierra,Unknown,
636LTR001,"Little Truckee River, at upper Perazzo Mdw",39.48501,-120.37285,6,Sierra,P,
636LTR002,"Little Truckee River, below Coldstream",39.49326,-120.34596,6,Sierra,P,
636PRZ001,"Perazzo Creek, meadow",39.47572,-120.38146,6,Sierra,Unknown,
636PS0070,Little Truckee River ~1mi above Cold Stream,39.49463,-120.33583,6,Sierra,P,
636SAG001,"Sagehen Cr, below field station",39.43709,-120.22934,6,Nevada,Unknown,
636SED036,Little Truckee River 36,39.48765,-120.36790,6,Sierra,P,
637CE0511,Pine Creek above Westwood Logging Road,40.56638,-121.10972,6,Lassen,Unknown,
639PS1279,Smoke Creek ~4mi above Sage Hen Spring,40.73356,-120.11743,6,Lassen,Unknown,
641OWC157,Owl Creek ~1.2mi above Hwy 81,41.37690,-120.14454,6,Modoc,Unknown,
705PCCPCP,Pipes Canyon Preserve,34.16679,-116.57254,7,San Bernardino,SFI,
719ADCNPS,Andreas Creek nr. Palm Springs,33.76000,-116.55000,7,Riverside,P,
719FCA001,Andreas Canyon ~0.9mi above S. Palm Cyn. Dr.,33.76092,-116.54986,7,Riverside,P,
719HOTCPF,Horsethief Creek,33.57495,-116.41667,7,Riverside,RFI,
719MISSCK,Mission Creek,34.00778,-116.62242,7,Riverside,RFI,
719NP7AZC,Azalea Creek ~1mi above Res.,33.85612,-116.80592,7,Riverside,RFI,
719NP7BNC,Browns Creek ~0.2mi above Hurley Flat,33.86821,-116.77257,7,Riverside,RFI,
719NP7DPC,Deep Canyon ~1.2mi below Hidden Palms Cyn.,33.63367,-116.39182,7,Riverside,RFI,
719NP7LBC,Lambs Creek ~1.3mi above Snow Cr. Rd.,33.89109,-116.69468,7,Riverside,P,
719NP7TWP,Twin Pines Creek ~1.2mi above Azalea Cr.,33.85543,-116.78057,7,Riverside,RFI,
719TPPSQH,1000 Palms Preserve at Squaw hill,33.83069,-116.31117,7,Riverside,P,
719TQCNPS,Tahquitz Creek nr. Palm Springs,33.80500,-116.55920,7,Riverside,P,
719TRMDSS,"Tramway Road, downstream of station",33.84037,-116.61350,7,Riverside,P,
719WE0864,Andreas Creek At Gaging Station,33.76053,-116.54890,7,Riverside,P,
719WWRAEF,"Whitewater River, SF ~1.5mi above East Fork",34.06322,-116.82028,7,San Bernardino,P,R5BIO-314 alias
719WWRPUS,White Water Preserve Upstream,33.98978,-116.65970,7,Riverside,RFI,
722ABSPPC,Anza Borrego State Park Palm Canyon,33.27851,-116.42925,7,San Diego,RFI,
722NP7CGC,Cougar Canyon ~0.6mi above Indian Cr.,33.35460,-116.48263,7,San Diego,RFI,
722NP7IDC,Indian Creek ~1.1mi above Cougar Cyn. Cr.,33.34707,-116.47844,7,San Diego,RFI,
722PS0535,Coyote Creek ~1.2mi below Indian Cr.,33.36922,-116.42223,7,San Diego,P,
801BNC530,Barton Creek Random Olsen Site 530,34.17834,-116.90881,8,San Bernardino,Unknown,
801CCCCTT,Cucamonga Canyon Creek above Cucamonga Truck Trail,34.18390,-117.62719,8,San Bernardino,Unknown,
801CCWFAC,City Creek West Fork ~1.6mi above confluence,34.19020,-117.18227,8,San Bernardino,P,
801CE0152,City Creek Above West Fork,34.18783,-117.18030,8,San Bernardino,Unknown,
801DCR131,Deer Creek,34.18485,-116.97868,8,San Bernardino,Unknown,
801DRC025,Deer Creek Random Olsen Site Random Olsen Site 025,34.17390,-116.98390,8,San Bernardino,Unknown,
801EBC080,"Barton Creek, EF ~0.7mi above Jenkins Lake Rd W.",34.15840,-116.88742,8,San Bernardino,Unknown,
801EEWADD,East Etiwanda ~1.9mi above Decliff Dr.,34.18730,-117.52050,8,San Bernardino,Unknown,
801HNC203,Hamilton Creek Random Olsen Site 203,34.18658,-116.91801,8,San Bernardino,Unknown,
801LCMFAS,Lytle Creek MF ~1.3mi above Scotland,34.24950,-117.51898,8,San Bernardino,Unknown,
801MIC035,Mill Creek Random Olsen Site 035,34.08193,-116.89027,8,San Bernardino,Unknown,
801MIC074,Mill Creek Random Olsen Site 074,34.08167,-116.88870,8,San Bernardino,Unknown,
801MLC057,Middle Fork Lytle Creek Random Olsen Site 057,34.25033,-117.54376,8,San Bernardino,Unknown,
801MLC069,Middle Fork Lytle Creek Random Olsen Site 069,34.24810,-117.51276,8,San Bernardino,Unknown,Perennial pools
801PNCEHL,Plunge Creek nr. East Highlands,34.11930,-117.14170,8,San Bernardino,Unknown,
801RB8240,Alder Creek Random Olsen Site 240,34.16755,-117.08667,8,San Bernardino,Unknown,
801RB8254,Deer Creek Random Olsen Site 254,34.17470,-116.98350,8,San Bernardino,Unknown,
801RB8277,Coldwater Canyon Random Olsen Site 277,34.19005,-117.25451,8,San Bernardino,Unknown,
801RB8380,Frog Creek Random Olsen Site 380,34.16588,-116.88019,8,San Bernardino,Unknown,
801RB8407,Santa Ana River Random Olsen Site 407,34.16073,-116.79797,8,San Bernardino,Unknown,
801RB8448,Mile Creek Random Olsen Site 448,34.18209,-116.94653,8,San Bernardino,Unknown,
801RB8478,Forsee Creek Random Olsen Site 478,34.17358,-116.94550,8,San Bernardino,Unknown,
801RB8607,Santa Ana River Random Olsen Site 607,34.18269,-116.86620,8,San Bernardino,Unknown,
801RB8618,Santa Ana River Random Olsen Site 618,34.16124,-116.80664,8,San Bernardino,Unknown,
801S00135,Mill Creek Random SMC Site 00135,34.07819,-116.87858,8,San Bernardino,Unknown,
801S00791,Cleghorn Creek Random SMC Site 00791,34.27920,-117.44664,8,San Bernardino,Unknown,
801S01367,Devil's Canyon Random SMC Site 01367,34.21451,-117.32889,8,San Bernardino,Unknown,
801S01671,Santa Ana River near Barton Flats SMC Site 01671,34.16963,-116.82558,8,San Bernardino,Unknown,
801S02464,San Antonio Creek Channel Random SMC Site 02464,34.24635,-117.64321,8,San Bernardino,Unknown,
801S02567,Santa Ana River near Seven Oaks Random SMC Site 02567,34.18472,-116.89688,8,San Bernardino,Unknown,
801S03111,Icehouse Canyon Random SMC Site 03111,34.24536,-117.61053,8,San Bernardino,Unknown,
801S03488,Icehouse Canyon Random SMC Site 03488,34.24801,-117.62685,8,San Bernardino,Unknown,
801SAMI1x,Mill Creek ~0.3mi below Vivian Cr.,34.08270,-116.89370,8,San Bernardino,Unknown,
801SAN068,San Antonio Creek Channel Random Olsen Site 068,34.25750,-117.64123,8,San Bernardino,Unknown,
801SAR087,Santa Ana River Random Olsen Site 087,34.16287,-116.80945,8,San Bernardino,Unknown,
801SARBFC,Santa Ana River ~0.3mi below Fish Cr.,34.16902,-116.82087,8,San Bernardino,Unknown,
801SASF38,"South Fork Santa Ana River, 700 m south of Hwy38",34.16405,-116.83301,8,San Bernardino,Unknown,
801SBCATC,Strawberry Creek ~2.3mi above East Twin Creek,34.20250,-117.22897,8,San Bernardino,Unknown,
801WBC106,West Fork Barton Creek Random Olsen Site 106,34.15508,-116.88528,8,San Bernardino,Unknown,
801WCC247,West Fork City Creek Random Olsen Site 247,34.18771,-117.18359,8,San Bernardino,Unknown,
801WE0674,Deer Creek ~0.7mi SW Seven Pines Rd.,34.17617,-116.98390,8,San Bernardino,Unknown,
801WE0787,EF Barton Creek ~2mi S Jenks Lake Road,34.14599,-116.87859,8,San Bernardino,Unknown,
801WE0806,Plunge Creek Below Little Mill Creek,34.14972,-117.13313,8,San Bernardino,Unknown,
801WE1008,Barton Creek ~ 1.4 mi. NW of Barton Flats Campground,34.18128,-116.91197,8,San Bernardino,Unknown,
801WE1020,Lytle Creek MF ~2.2 miles upstream from North Fork Lytle Creek.,34.25257,-117.53174,8,San Bernardino,Unknown,
801WE1132,Santa Ana River SF ~3.5mi above Mainstem,34.13332,-116.84289,8,San Bernardino,P,
801XXX046,Unknown Random Olsen Site 046,33.79096,-117.71949,8,Orange,Unknown,
801XXX118,Unknown Random Olsen Site 118,34.27906,-117.47566,8,San Bernardino,Unknown,
802FMCAIP,Fuller Mill Creek ~0.0.8mi above Idyllwild Panoramic Hwy,33.80722,-116.74250,8,Riverside,Unknown,
802HYC496,Herkey Creek Random Olsen Site 496,33.68738,-116.68416,8,Riverside,Unknown,
802INC172,Indian Creek Random Olsen Site 172,33.78651,-116.83230,8,Riverside,Unknown,
802NJR543,North Fork San Jacinto River Random Olsen Site 543,33.80281,-116.73208,8,Riverside,Unknown,
802RB8297,Indian Creek Random Olsen Site 297,33.80968,-116.81235,8,Riverside,Unknown,
802S03234,Forbes Canyon Random SMC Site 03234,33.66152,-116.62741,8,Riverside,Unknown,
802S29064,North Fork San Jacinto River,33.79564,-116.74260,8,Riverside,Unknown,
802S45233,North Fork San Jacinto River Random SMC Site 45233,33.76997,-116.77878,8,Riverside,Unknown,
802SMC580,"San Jacinto River, NF ~0.3mi above Stone Cr.",33.77396,-116.77740,8,Riverside,Unknown,
802SNC070,Stone Creek Random Olsen Site 070,33.77122,-116.76750,8,Riverside,Unknown,
802SWC020,Strawberry Creek Random Olsen  Site 020,33.76698,-116.69020,8,Riverside,Unknown,
802WE0658,Fuller Mill Creek At Idyllwild Panoramic Hwy,33.79824,-116.74831,8,Riverside,Unknown,
802WE0794,Herkey Creek ~1.3mi above Bonita Vista Rd.,33.72962,-116.67350,8,Riverside,Unknown,
901ATCAAS,Arroyo Trabuco,33.68264,-117.50159,9,Orange,RFI,
901BELOLV,~1.3mi above Fox Cyn. Cr.,33.64060,-117.55310,9,Orange,RFI,
901CSCADC,Cold Spring Canyon above Devil Cyn Creek,33.49366,-117.43071,9,San Diego,P,
901DCCDCx,Devils Canyon Creek Above San Mateo Cr.,33.47108,-117.46461,9,San Diego,RFI,
901DCCSMC,Devils Canyon Creek above San Mateo Cyn. Creek,33.47303,-117.46590,9,San Diego,RFI,
901NP9BWR,Bluewater Canyon,33.53063,-117.42908,9,Riverside,RFI,
901NP9CSC,Cold Spring Canyon ~0.4mi above San Juan Cr.,33.59190,-117.52160,9,Orange,SFI,
901NP9FLC,Falls Creek ~0.1mi above Tabuco Cyn. Cr.,33.67583,-117.53655,9,Orange,RFI,
901NP9HJC,Holy Jim Canyon Creek ~0.6mi above Trabuco Cyn. Cr.,33.68461,-117.51474,9,Orange,RFI,
901NP9TNC,Tenaja Canyon,33.52651,-117.40550,9,Riverside,RFI,
901S00469,San Mateo Canyon above Tenaja Cyn. Cr.,33.52999,-117.40855,9,Riverside,RFI,
901S01705,Hot Spring Canyon Creek ~1.2mi above Hwy 74,33.60369,-117.51000,9,Orange,P,
901S01849,San Mateo Creek ~0.4mi above Los Alamos Cyn. Cr.,33.55523,-117.39779,9,Riverside,RFI,
901S02873,San Mateo Creek ~0.6mi below Los Alamos Cyn. Cr.,33.54344,-117.39739,9,Riverside,RFI,Likely known non-perennial
901S06969,San Mateo Creek above Los Alamos Cyn. Cr.,33.55334,-117.39579,9,Riverside,RFI,Likely perennial
901SCCA74,Spring Canyon Creek ~2.3mi above Hwy 74,33.61854,-117.50955,9,Orange,P,
902ASTRLC,~1.9mi above Arroyo Seco Creek,33.44330,-116.98770,9,Riverside,P,
902NP9CWC,Cottonwood Creek ~0.5mi above Skiploader Rd.,33.41925,-116.86102,9,San Diego,SFI,
902S08157,Cole Creek,33.53910,-117.26480,9,Riverside,RFI,
902SMAS1x,Santa Margarita River Arroyo Seco above Dripping Springs Campground,33.45695,-116.97047,9,Riverside,RFI,
902SMROB8,Roblar Creek above De Luz Ck,33.38713,-117.32372,9,San Diego,RFI,
903ACPCT1,Agua Caliente Creek at Pacific Crest Trail,33.29595,-116.63863,9,San Diego,RFI,
903ACPCT2,Agua Caliente Creek at Pacific Crest Trail - Mid,33.30332,-116.63567,9,San Diego,RFI,
903FCPSPx,French Creek (FCPSP),33.35017,-116.91278,9,San Diego,P,R5BIO-6528 alias
903FRC,French Creek,33.35652,-116.91283,9,San Diego,P,
903NP9LWF,Lower West Fork of the San Luis Rey River,33.30962,-116.77768,9,San Diego,RFI,
903NP9PRC,Prisoner Creek ~0.1mi above San Luis Rey River,33.26041,-116.80917,9,San Diego,SFI,
903NP9SLR,San Luis Rey at Indian Flats,33.34992,-116.66490,9,San Diego,RFI,
903NP9UAC,Upper Agua Caliente Creek at PCT,33.32036,-116.62265,9,San Diego,P,
903R9PPCD,Pauma Creek Downstream USFS,33.33983,-116.95731,9,San Diego,P,
903S01413,Not recorded,33.30552,-116.80627,9,San Diego,P,
903SLFRCx,Fry Creek (FRC),33.34410,-116.88046,9,San Diego,RFI,
903WE0798,San Luis Rey River WF ~1mi N Mendenhall Valley,33.33669,-116.82848,9,San Diego,RFI,
903WE0900,San Luis Rey River WF ~1.2mi below Colb Valley Creek,33.33052,-116.81511,9,San Diego,RFI,
905BCC,Black Canyon Creek,33.13086,-116.79575,9,San Diego,RFI,
905BMCCGx,Black Mountain Creek Upstream of Santa Ysabel Creek,33.12706,-116.80361,9,San Diego,RFI,
905CE0512,Santa Ysabel Creek below Witch Creek,33.11137,-116.74386,9,San Diego,P,
905DGCC1x,Carney Canyon in Pamo Valley,33.15794,-116.85173,9,San Diego,RFI,
905DGUT1x,Upper Temescal Creek in Pamo Valley,33.17601,-116.85052,9,San Diego,RFI,
905S02561,Santa Ysabel Creek ~2mi below Dan Price Cr.,33.12974,-116.63591,9,San Diego,P,
905SDBDN9,Boden Canyon Creek (BOD),33.09184,-116.89774,9,San Diego,RFI,
905SDISS2,Ironside Creek,33.13428,-116.59710,9,San Diego,P,
905WE0679,Santa Ysabel Creek ~2mi E Hwy 79,33.13163,-116.65440,9,San Diego,P,
907BCT,Boulder Canyon Tributary,32.96654,-116.65211,9,San Diego,RFI,
907CCCR02,Cedar Creek 2,33.00222,-116.70889,9,San Diego,RFI,
907CONECR,Conejos Creek at El Capitan Reservoir,32.89028,-116.76306,9,San Diego,RFI,
907S03210,San Diego River below Ritchie Cr.,33.00312,-116.72918,9,San Diego,RFI,
907SDB035,Lower Boulder Creek,32.97439,-116.73843,9,San Diego,RFI,
909JQCASR,Juaquapin Creek above Sweetwater River,32.91468,-116.56562,9,San Diego,RFI,
909NP9UNT,Unnamed trib above Descanso Cr.,32.88172,-116.58538,9,San Diego,SFI,
909S00282,Sweetwater River downstream of Merigen,32.87185,-116.61372,9,San Diego,RFI,
909SWCASR,Stonewall Creek above Sweetwater River,32.94249,-116.55409,9,San Diego,RFI,
911COPPER,~0.2mi N Tijuana River,32.56160,-116.82910,9,San Diego,RFI,
911DCCDCx,Devil's Canyon Creek above San Mateo Creek,33.47108,-117.46461,9,San Diego,RFI,R5BIO-6500 alias
911KCKCRx,Kitchen Creek at Kitchen Creek Road,32.78745,-116.45100,9,San Diego,RFI,
911NP9ATC,Antone Canyon Creek ~1.3mi above La Posta Trk. Trl.,32.76824,-116.41757,9,San Diego,RFI,
911NP9EPC,Espinosa Creek above Pine Valley Cr.,32.74481,-116.64880,9,San Diego,SFI,
911NP9HTC,Horsethief Canyon ~0.8mi above Pine Valley Cr.,32.75409,-116.66267,9,San Diego,SFI,
911NP9LPC,La Posta Creek at Buckman Springs Trail,32.70138,-116.48352,9,San Diego,P,
911NP9SCC,Secret Canyon Creek ~0.3mi above Pine Valley Cr.,32.76151,-116.63649,9,San Diego,SFI,
911NP9UCW,Cottonwood Creek ~1.4mi above I8,32.81829,-116.49235,9,San Diego,RFI,
911PVCAEC,Pine Valley Creek above Espinosa,32.74526,-116.65104,9,San Diego,RFI,
911S00538,Pine Valley Creek ~2.3mi above Secret Cyn. Cr.,32.78123,-116.63207,9,San Diego,RFI,
911S00858,Indian creek ~1.2mi above Deer Park Rd.,32.90282,-116.49337,9,San Diego,RFI,
911S01142,Pine Valley Creek ~0.9mi below Espinosa Cr.,32.73547,-116.65268,9,San Diego,RFI,
911TJIND2,Indian Creek 2,32.89752,-116.50406,9,San Diego,RFI,
911TJKC1x,Kitchen Creek above Kitchen Creek Road crossing,32.75980,-116.45078,9,San Diego,RFI,
911TJKTC5,Kitchen Creek 5,32.75288,-116.45197,9,San Diego,RFI,
911TJLCC2,Long Canyon Creek 2,32.77887,-116.44162,9,San Diego,RFI,
911TJWIL3,Wilson Creek 3,32.69361,-116.69528,9,San Diego,RFI,
ALC29.49,Alameda Creek at RM 29.49,37.49723,-121.76138,2,Alameda,RFI,
Cascade Creek 634011038 Trend Panel A,Cascade Creek,38.92724,-120.10648,6,El Dorado,P,
Cold Creek 634009054 Status 2009,Cold Creek,38.89909,-119.90404,6,El Dorado,P,
Cold Creek 634009058 Status 2009,Cold Creek,38.89851,-119.92053,6,El Dorado,P,
Glen Alpine 634011025 Trend Panel A,Glen Alpine Creek,38.87548,-120.08349,6,El Dorado,P,
Griff Creek Tributary 634011024 Trend Panel A,Griff Creek near turn at Beaver Street,39.25792,-120.01263,6,Placer,Unknown,
Madden Creek 634011039 Trend Panel A,Madden Creek near end of Sacramento Avenue?,39.08895,-120.16573,6,Placer,Unknown,
REF-TCAS,Trabuco Creek ,33.67399,-117.53722,9,Orange,RFI,
SGUR103,Rush Creek,34.23218,-118.05822,4,Los Angeles,Unknown,
SGUT501,Bear Creek above confluence with West Fork,34.24080,-117.88330,4,Los Angeles,P,405BRCASG alias
SMC00144,Graveyard Canyon,34.26705,-117.78759,4,Los Angeles,Unknown,
SMC00428,West Fork San Gabriel River below confluence with Rush Creek,34.24810,-118.04976,4,Los Angeles,Unknown,
SMC00476,Bear Canyon,34.24209,-118.13381,4,Los Angeles,Unknown,
SMC00911,Wheeler Springs 250 m  upstream of NF Matilija,34.50797,-119.29854,4,Ventura,Unknown,
SMC01164,Unnamed tributary to the SF Santa Clara River,34.35078,-118.57968,4,Los Angeles,Unknown,
SMC01196,Big Tujunga Creek 185m downstream of Upper Big Tujunga Canyon Rd,34.27835,-118.02952,4,Los Angeles,Unknown,
SMC01248,Tributary of the San Gabriel River,34.25895,-117.74499,4,Los Angeles,Unknown,
SMC01424,Susanna Canyon,34.24075,-117.81585,4,Los Angeles,Unknown,
SMC01567,Upper North Fork Matilija Creek 50m upstream of confluence with Matilija Creek,34.50959,-119.38373,4,Ventura,Unknown,
SMC01979,Sisar Canyon 160 m south of hairpin in Sisar Canyon Road,34.45205,-119.13624,4,Ventura,Unknown,
SMC02591,Upper North Fork Matilija Creek approx 200 m north of Matilija Campground,34.51783,-119.37846,4,Ventura,Unknown,
SMC04383,Matilija Creek ~ 4km upstream of Hwy 33,34.50224,-119.35602,4,Ventura,Unknown,
SMC04795,Thacher Creek,34.47989,-119.17067,4,Ventura,Unknown,
SMC05243,"Unnamed trib, 1 km upstream of confluence with Derrydale Creek",34.59250,-119.25122,4,Ventura,Unknown,
SMC05407,Matilija Creek ~ 5km upstream of Hwy 33,34.50124,-119.35043,4,Ventura,Unknown,
SMC06467,Fremont Canyon ~720 m upstream of trail crossing,33.79118,-117.71782,8,Orange,RFI,
SMCR8_050,"Santa Ana River near Heart's Bar Campground, 1.4 km upstream of confluence with Cienaga Seca Creek",34.15651,-116.79441,8,San Bernardino,Unknown,
SMCR8_196,"Stone Creek, 460 m upstream of Hwy 243",33.77593,-116.73138,8,Riverside,Unknown,
SMCR8_317,"West Fork Cable Canyon, 690m upstream of confluence with E Fork Cable Canyon",34.23158,-117.37280,8,San Bernardino,Unknown,
SMCR8_333,"Mill Creek Canyon, 2.4 km upstream of confluence with Vivian Creek",34.07909,-116.88055,8,San Bernardino,Unknown,
SMCR8_344,Santa Ana River below confluence with Wildhorse Creek,34.16708,-116.81406,8,San Bernardino,Unknown,
SMCR8_376,Santa Ana River 425 m downstream of confluence with South Fork Santa Ana River,34.17238,-116.83539,8,San Bernardino,Unknown,
SMCR8_446,West Fork City Creek,34.18543,-117.18567,8,San Bernardino,Unknown,
Upper Truckee River 634009017 Status 2009,Upper Truckee River,38.75328,-120.02824,6,El Dorado,Unknown,
Upper Truckee River 634009049 Status 2009,Upper Truckee River,38.78030,-120.02856,6,El Dorado,Unknown,
Upper Truckee River 634011033 Trend Panel A,Upper Truckee River,38.76373,-120.01590,6,El Dorado,Unknown,